seed,controller,ticks,final_population,births,deaths,resources_consumed_count,total_energy_final,mean_population,mean_energy,action_entropy,time_to_extinction,time_to_extinction_censored,time_to_first_birth,max_generation,founders_reproducing_count,survived,any_birth,invalid_action_rate,run_dir,source_csv
1,random,1000.0,0.0,0.0,10.0,6.0,0.0,0.649,51.16454918032787,2.3192086821868223,123.0,123.0,,0.0,0.0,0.0,0.0,0.0,/home/sun/dev/emergence_lab/experiments/results/ablation_c0r_100x1000/seed_1/random_seed1_20260815T185934Z,/home/sun/dev/emergence_lab/experiments/results/ablation_c0r_100x1000/seed_1/metrics.csv
1,random_r,1000.0,0.0,0.0,10.0,6.0,0.0,0.649,51.16454918032787,2.3192086821868223,123.0,123.0,,0.0,0.0,0.0,0.0,0.0,/home/sun/dev/emergence_lab/experiments/results/ablation_c0r_100x1000/seed_1/random_r_seed1_20260815T185934Z,/home/sun/dev/emergence_lab/experiments/results/ablation_c0r_100x1000/seed_1/metrics.csv
1,reactive_r,1000.0,9.0,30.0,31.0,497.0,614.0,8.418,76.53809880952382,2.317140056877105,,1000.0,32.0,10.0,6.0,1.0,1.0,0.0,/home/sun/dev/emergence_lab/experiments/results/ablation_c0r_100x1000/seed_1/reactive_r_seed1_20260815T185934Z,/home/sun/dev/emergence_lab/experiments/results/ablation_c0r_100x1000/seed_1/metrics.csv
2,random,1000.0,0.0,0.0,10.0,12.0,0.0,0.748,49.109485094850946,2.319660630965333,124.0,124.0,,0.0,0.0,0.0,0.0,0.0,/home/sun/dev/emergence_lab/experiments/results/ablation_c0r_100x1000/seed_2/random_seed2_20260815T185935Z,/home/sun/dev/emergence_lab/experiments/results/ablation_c0r_100x1000/seed_2/metrics.csv
2,random_r,1000.0,0.0,0.0,10.0,12.0,0.0,0.748,49.109485094850946,2.319660630965333,124.0,124.0,,0.0,0.0,0.0,0.0,0.0,/home/sun/dev/emergence_lab/experiments/results/ablation_c0r_100x1000/seed_2/random_r_seed2_20260815T185935Z,/home/sun/dev/emergence_lab/experiments/results/ablation_c0r_100x1000/seed_2/metrics.csv
2,reactive_r,1000.0,7.0,27.0,30.0,475.0,651.0,8.021,73.6929327922078,2.3149378730880885,,1000.0,17.0,4.0,4.0,1.0,1.0,0.0,/home/sun/dev/emergence_lab/experiments/results/ablation_c0r_100x1000/seed_2/reactive_r_seed2_20260815T185935Z,/home/sun/dev/emergence_lab/experiments/results/ablation_c0r_100x1000/seed_2/metrics.csv
3,random,1000.0,0.0,0.0,10.0,8.0,0.0,0.682,44.644596560846566,2.3144722503067765,121.0,121.0,,0.0,0.0,0.0,0.0,0.0,/home/sun/dev/emergence_lab/experiments/results/ablation_c0r_100x1000/seed_3/random_seed3_20260815T185935Z,/home/sun/dev/emergence_lab/experiments/results/ablation_c0r_100x1000/seed_3/metrics.csv
3,random_r,1000.0,0.0,0.0,10.0,8.0,0.0,0.682,44.644596560846566,2.3144722503067765,121.0,121.0,,0.0,0.0,0.0,0.0,0.0,/home/sun/dev/emergence_lab/experiments/results/ablation_c0r_100x1000/seed_3/random_r_seed3_20260815T185935Z,/home/sun/dev/emergence_lab/experiments/results/ablation_c0r_100x1000/seed_3/metrics.csv
3,reactive_r,1000.0,5.0,20.0,25.0,352.0,389.0,6.129,78.42438665223666,2.314704602117334,,1000.0,4.0,6.0,5.0,1.0,1.0,0.0,/home/sun/dev/emergence_lab/experiments/results/ablation_c0r_100x1000/seed_3/reactive_r_seed3_20260815T185936Z,/home/sun/dev/emergence_lab/experiments/results/ablation_c0r_100x1000/seed_3/metrics.csv
4,random,1000.0,0.0,0.0,10.0,5.0,0.0,0.635,45.69126543209876,2.3201569493621834,91.0,91.0,,0.0,0.0,0.0,0.0,0.0,/home/sun/dev/emergence_lab/experiments/results/ablation_c0r_100x1000/seed_4/random_seed4_20260815T185936Z,/home/sun/dev/emergence_lab/experiments/results/ablation_c0r_100x1000/seed_4/metrics.csv
4,random_r,1000.0,0.0,0.0,10.0,5.0,0.0,0.635,45.69126543209876,2.3201569493621834,91.0,91.0,,0.0,0.0,0.0,0.0,0.0,/home/sun/dev/emergence_lab/experiments/results/ablation_c0r_100x1000/seed_4/random_r_seed4_20260815T185936Z,/home/sun/dev/emergence_lab/experiments/results/ablation_c0r_100x1000/seed_4/metrics.csv
4,reactive_r,1000.0,5.0,20.0,25.0,398.0,394.0,6.87,73.09463726551226,2.3142311729952736,,1000.0,23.0,4.0,3.0,1.0,1.0,0.0,/home/sun/dev/emergence_lab/experiments/results/ablation_c0r_100x1000/seed_4/reactive_r_seed4_20260815T185936Z,/home/sun/dev/emergence_lab/experiments/results/ablation_c0r_100x1000/seed_4/metrics.csv
5,random,1000.0,0.0,0.0,10.0,7.0,0.0,0.656,49.252272727272725,2.315907250257317,122.0,122.0,,0.0,0.0,0.0,0.0,0.0,/home/sun/dev/emergence_lab/experiments/results/ablation_c0r_100x1000/seed_5/random_seed5_20260815T185936Z,/home/sun/dev/emergence_lab/experiments/results/ablation_c0r_100x1000/seed_5/metrics.csv
5,random_r,1000.0,0.0,0.0,10.0,7.0,0.0,0.656,49.252272727272725,2.315907250257317,122.0,122.0,,0.0,0.0,0.0,0.0,0.0,/home/sun/dev/emergence_lab/experiments/results/ablation_c0r_100x1000/seed_5/random_r_seed5_20260815T185936Z,/home/sun/dev/emergence_lab/experiments/results/ablation_c0r_100x1000/seed_5/metrics.csv
5,reactive_r,1000.0,10.0,38.0,38.0,566.0,659.0,9.551,71.21480255300254,2.3147857760537263,,1000.0,3.0,11.0,4.0,1.0,1.0,0.0,/home/sun/dev/emergence_lab/experiments/results/ablation_c0r_100x1000/seed_5/reactive_r_seed5_20260815T185937Z,/home/sun/dev/emergence_lab/experiments/results/ablation_c0r_100x1000/seed_5/metrics.csv
6,random,1000.0,0.0,0.0,10.0,10.0,0.0,0.718,42.47746950019677,2.320468922526322,122.0,122.0,,0.0,0.0,0.0,0.0,0.0,/home/sun/dev/emergence_lab/experiments/results/ablation_c0r_100x1000/seed_6/random_seed6_20260815T185944Z,/home/sun/dev/emergence_lab/experiments/results/ablation_c0r_100x1000/seed_6/metrics.csv
6,random_r,1000.0,0.0,0.0,10.0,10.0,0.0,0.718,42.47746950019677,2.320468922526322,122.0,122.0,,0.0,0.0,0.0,0.0,0.0,/home/sun/dev/emergence_lab/experiments/results/ablation_c0r_100x1000/seed_6/random_r_seed6_20260815T185944Z,/home/sun/dev/emergence_lab/experiments/results/ablation_c0r_100x1000/seed_6/metrics.csv
6,reactive_r,1000.0,9.0,32.0,33.0,473.0,647.0,8.04,73.66897212787212,2.3176004657899263,,1000.0,20.0,5.0,4.0,1.0,1.0,0.0,/home/sun/dev/emergence_lab/experiments/results/ablation_c0r_100x1000/seed_6/reactive_r_seed6_20260815T185944Z,/home/sun/dev/emergence_lab/experiments/results/ablation_c0r_100x1000/seed_6/metrics.csv
7,random,1000.0,0.0,0.0,10.0,11.0,0.0,0.734,60.97022222222222,2.320014126600119,151.0,151.0,,0.0,0.0,0.0,0.0,0.0,/home/sun/dev/emergence_lab/experiments/results/ablation_c0r_100x1000/seed_7/random_seed7_20260815T185945Z,/home/sun/dev/emergence_lab/experiments/results/ablation_c0r_100x1000/seed_7/metrics.csv
7,random_r,1000.0,0.0,1.0,11.0,12.0,0.0,0.752,40.3957680976431,2.320165478547011,121.0,121.0,20.0,1.0,1.0,0.0,1.0,0.0,/home/sun/dev/emergence_lab/experiments/results/ablation_c0r_100x1000/seed_7/random_r_seed7_20260815T185945Z,/home/sun/dev/emergence_lab/experiments/results/ablation_c0r_100x1000/seed_7/metrics.csv
7,reactive_r,1000.0,7.0,39.0,42.0,517.0,547.0,8.831,73.99903716838716,2.315797627151982,,1000.0,3.0,7.0,5.0,1.0,1.0,0.0,/home/sun/dev/emergence_lab/experiments/results/ablation_c0r_100x1000/seed_7/reactive_r_seed7_20260815T185945Z,/home/sun/dev/emergence_lab/experiments/results/ablation_c0r_100x1000/seed_7/metrics.csv
8,random,1000.0,0.0,0.0,10.0,6.0,0.0,0.645,42.32245407526306,2.3177374263227013,90.0,90.0,,0.0,0.0,0.0,0.0,0.0,/home/sun/dev/emergence_lab/experiments/results/ablation_c0r_100x1000/seed_8/random_seed8_20260815T185945Z,/home/sun/dev/emergence_lab/experiments/results/ablation_c0r_100x1000/seed_8/metrics.csv
8,random_r,1000.0,0.0,0.0,10.0,6.0,0.0,0.645,42.32245407526306,2.3177374263227013,90.0,90.0,,0.0,0.0,0.0,0.0,0.0,/home/sun/dev/emergence_lab/experiments/results/ablation_c0r_100x1000/seed_8/random_r_seed8_20260815T185945Z,/home/sun/dev/emergence_lab/experiments/results/ablation_c0r_100x1000/seed_8/metrics.csv
8,reactive_r,1000.0,11.0,53.0,52.0,626.0,1012.0,10.35,74.56737237484737,2.314933780991188,,1000.0,30.0,9.0,4.0,1.0,1.0,0.0,/home/sun/dev/emergence_lab/experiments/results/ablation_c0r_100x1000/seed_8/reactive_r_seed8_20260815T185945Z,/home/sun/dev/emergence_lab/experiments/results/ablation_c0r_100x1000/seed_8/metrics.csv
9,random,1000.0,0.0,0.0,10.0,12.0,0.0,0.769,45.550987144168964,2.3157947696056738,122.0,122.0,,0.0,0.0,0.0,0.0,0.0,/home/sun/dev/emergence_lab/experiments/results/ablation_c0r_100x1000/seed_9/random_seed9_20260815T185946Z,/home/sun/dev/emergence_lab/experiments/results/ablation_c0r_100x1000/seed_9/metrics.csv
9,random_r,1000.0,0.0,0.0,10.0,12.0,0.0,0.769,45.550987144168964,2.3157947696056738,122.0,122.0,,0.0,0.0,0.0,0.0,0.0,/home/sun/dev/emergence_lab/experiments/results/ablation_c0r_100x1000/seed_9/random_r_seed9_20260815T185946Z,/home/sun/dev/emergence_lab/experiments/results/ablation_c0r_100x1000/seed_9/metrics.csv
9,reactive_r,1000.0,11.0,45.0,44.0,610.0,766.0,10.186,72.46373988788989,2.3148193904824557,,1000.0,19.0,9.0,4.0,1.0,1.0,0.0,/home/sun/dev/emergence_lab/experiments/results/ablation_c0r_100x1000/seed_9/reactive_r_seed9_20260815T185946Z,/home/sun/dev/emergence_lab/experiments/results/ablation_c0r_100x1000/seed_9/metrics.csv
10,random,1000.0,0.0,0.0,10.0,4.0,0.0,0.631,42.648329156223895,2.3132228254185563,77.0,77.0,,0.0,0.0,0.0,0.0,0.0,/home/sun/dev/emergence_lab/experiments/results/ablation_c0r_100x1000/seed_10/random_seed10_20260815T185947Z,/home/sun/dev/emergence_lab/experiments/results/ablation_c0r_100x1000/seed_10/metrics.csv
10,random_r,1000.0,0.0,0.0,10.0,4.0,0.0,0.631,42.648329156223895,2.3132228254185563,77.0,77.0,,0.0,0.0,0.0,0.0,0.0,/home/sun/dev/emergence_lab/experiments/results/ablation_c0r_100x1000/seed_10/random_r_seed10_20260815T185947Z,/home/sun/dev/emergence_lab/experiments/results/ablation_c0r_100x1000/seed_10/metrics.csv
10,reactive_r,1000.0,0.0,30.0,40.0,371.0,0.0,6.756,58.82328897681839,2.318946939035913,766.0,766.0,4.0,8.0,4.0,0.0,1.0,0.0,/home/sun/dev/emergence_lab/experiments/results/ablation_c0r_100x1000/seed_10/reactive_r_seed10_20260815T185947Z,/home/sun/dev/emergence_lab/experiments/results/ablation_c0r_100x1000/seed_10/metrics.csv
11,random,1000.0,0.0,0.0,10.0,6.0,0.0,0.649,40.26375661375661,2.318867232992319,94.0,94.0,,0.0,0.0,0.0,0.0,0.0,/home/sun/dev/emergence_lab/experiments/results/ablation_c0r_100x1000/seed_11/random_seed11_20260815T185947Z,/home/sun/dev/emergence_lab/experiments/results/ablation_c0r_100x1000/seed_11/metrics.csv
11,random_r,1000.0,0.0,0.0,10.0,6.0,0.0,0.649,40.26375661375661,2.318867232992319,94.0,94.0,,0.0,0.0,0.0,0.0,0.0,/home/sun/dev/emergence_lab/experiments/results/ablation_c0r_100x1000/seed_11/random_r_seed11_20260815T185947Z,/home/sun/dev/emergence_lab/experiments/results/ablation_c0r_100x1000/seed_11/metrics.csv
11,reactive_r,1000.0,7.0,24.0,27.0,340.0,537.0,5.892,72.84075057720058,2.315699079595172,,1000.0,3.0,7.0,2.0,1.0,1.0,0.0,/home/sun/dev/emergence_lab/experiments/results/ablation_c0r_100x1000/seed_11/reactive_r_seed11_20260815T185947Z,/home/sun/dev/emergence_lab/experiments/results/ablation_c0r_100x1000/seed_11/metrics.csv
12,random,1000.0,0.0,0.0,10.0,6.0,0.0,0.644,44.46779715762273,2.3206304018766013,87.0,87.0,,0.0,0.0,0.0,0.0,0.0,/home/sun/dev/emergence_lab/experiments/results/ablation_c0r_100x1000/seed_12/random_seed12_20260815T185948Z,/home/sun/dev/emergence_lab/experiments/results/ablation_c0r_100x1000/seed_12/metrics.csv
12,random_r,1000.0,0.0,0.0,10.0,6.0,0.0,0.644,44.46779715762273,2.3206304018766013,87.0,87.0,,0.0,0.0,0.0,0.0,0.0,/home/sun/dev/emergence_lab/experiments/results/ablation_c0r_100x1000/seed_12/random_r_seed12_20260815T185948Z,/home/sun/dev/emergence_lab/experiments/results/ablation_c0r_100x1000/seed_12/metrics.csv
12,reactive_r,1000.0,10.0,53.0,53.0,647.0,751.0,10.842,72.96359264346763,2.3151371252332424,,1000.0,3.0,9.0,2.0,1.0,1.0,0.0,/home/sun/dev/emergence_lab/experiments/results/ablation_c0r_100x1000/seed_12/reactive_r_seed12_20260815T185948Z,/home/sun/dev/emergence_lab/experiments/results/ablation_c0r_100x1000/seed_12/metrics.csv
13,random,1000.0,0.0,0.0,10.0,8.0,0.0,0.68,44.297885154061625,2.3210367120251116,86.0,86.0,,0.0,0.0,0.0,0.0,0.0,/home/sun/dev/emergence_lab/experiments/results/ablation_c0r_100x1000/seed_13/random_seed13_20260815T185948Z,/home/sun/dev/emergence_lab/experiments/results/ablation_c0r_100x1000/seed_13/metrics.csv
13,random_r,1000.0,0.0,0.0,10.0,8.0,0.0,0.68,44.297885154061625,2.3210367120251116,86.0,86.0,,0.0,0.0,0.0,0.0,0.0,/home/sun/dev/emergence_lab/experiments/results/ablation_c0r_100x1000/seed_13/random_r_seed13_20260815T185948Z,/home/sun/dev/emergence_lab/experiments/results/ablation_c0r_100x1000/seed_13/metrics.csv
13,reactive_r,1000.0,0.0,4.0,14.0,130.0,0.0,2.688,71.56380578167706,2.3170893028578776,506.0,506.0,20.0,1.0,4.0,0.0,1.0,0.0,/home/sun/dev/emergence_lab/experiments/results/ablation_c0r_100x1000/seed_13/reactive_r_seed13_20260815T185948Z,/home/sun/dev/emergence_lab/experiments/results/ablation_c0r_100x1000/seed_13/metrics.csv
14,random,1000.0,0.0,0.0,10.0,3.0,0.0,0.602,43.964999999999996,2.3172576378211796,91.0,91.0,,0.0,0.0,0.0,0.0,0.0,/home/sun/dev/emergence_lab/experiments/results/ablation_c0r_100x1000/seed_14/random_seed14_20260815T185949Z,/home/sun/dev/emergence_lab/experiments/results/ablation_c0r_100x1000/seed_14/metrics.csv
14,random_r,1000.0,0.0,0.0,10.0,3.0,0.0,0.602,43.964999999999996,2.3172576378211796,91.0,91.0,,0.0,0.0,0.0,0.0,0.0,/home/sun/dev/emergence_lab/experiments/results/ablation_c0r_100x1000/seed_14/random_r_seed14_20260815T185949Z,/home/sun/dev/emergence_lab/experiments/results/ablation_c0r_100x1000/seed_14/metrics.csv
14,reactive_r,1000.0,16.0,62.0,56.0,685.0,931.0,11.46,71.5207035991786,2.3166237760987323,,1000.0,4.0,10.0,2.0,1.0,1.0,0.0,/home/sun/dev/emergence_lab/experiments/results/ablation_c0r_100x1000/seed_14/reactive_r_seed14_20260815T185949Z,/home/sun/dev/emergence_lab/experiments/results/ablation_c0r_100x1000/seed_14/metrics.csv
15,random,1000.0,0.0,0.0,10.0,8.0,0.0,0.693,44.41567028985507,2.3186278020373003,93.0,93.0,,0.0,0.0,0.0,0.0,0.0,/home/sun/dev/emergence_lab/experiments/results/ablation_c0r_100x1000/seed_15/random_seed15_20260815T185949Z,/home/sun/dev/emergence_lab/experiments/results/ablation_c0r_100x1000/seed_15/metrics.csv
15,random_r,1000.0,0.0,0.0,10.0,8.0,0.0,0.693,44.41567028985507,2.3186278020373003,93.0,93.0,,0.0,0.0,0.0,0.0,0.0,/home/sun/dev/emergence_lab/experiments/results/ablation_c0r_100x1000/seed_15/random_r_seed15_20260815T185949Z,/home/sun/dev/emergence_lab/experiments/results/ablation_c0r_100x1000/seed_15/metrics.csv
15,reactive_r,1000.0,4.0,16.0,22.0,287.0,222.0,5.207,68.88615115440116,2.3202908218528373,,1000.0,21.0,5.0,4.0,1.0,1.0,0.0,/home/sun/dev/emergence_lab/experiments/results/ablation_c0r_100x1000/seed_15/reactive_r_seed15_20260815T185949Z,/home/sun/dev/emergence_lab/experiments/results/ablation_c0r_100x1000/seed_15/metrics.csv
16,random,1000.0,0.0,0.0,10.0,5.0,0.0,0.632,39.87386363636364,2.3190979298566265,89.0,89.0,,0.0,0.0,0.0,0.0,0.0,/home/sun/dev/emergence_lab/experiments/results/ablation_c0r_100x1000/seed_16/random_seed16_20260815T185950Z,/home/sun/dev/emergence_lab/experiments/results/ablation_c0r_100x1000/seed_16/metrics.csv
16,random_r,1000.0,0.0,0.0,10.0,5.0,0.0,0.632,39.87386363636364,2.3190979298566265,89.0,89.0,,0.0,0.0,0.0,0.0,0.0,/home/sun/dev/emergence_lab/experiments/results/ablation_c0r_100x1000/seed_16/random_r_seed16_20260815T185950Z,/home/sun/dev/emergence_lab/experiments/results/ablation_c0r_100x1000/seed_16/metrics.csv
16,reactive_r,1000.0,9.0,45.0,46.0,557.0,818.0,9.319,77.21268194028194,2.314616605810056,,1000.0,10.0,7.0,3.0,1.0,1.0,0.0,/home/sun/dev/emergence_lab/experiments/results/ablation_c0r_100x1000/seed_16/reactive_r_seed16_20260815T185950Z,/home/sun/dev/emergence_lab/experiments/results/ablation_c0r_100x1000/seed_16/metrics.csv
17,random,1000.0,0.0,0.0,10.0,9.0,0.0,0.705,42.810507246376815,2.3132969550078353,139.0,139.0,,0.0,0.0,0.0,0.0,0.0,/home/sun/dev/emergence_lab/experiments/results/ablation_c0r_100x1000/seed_17/random_seed17_20260815T185950Z,/home/sun/dev/emergence_lab/experiments/results/ablation_c0r_100x1000/seed_17/metrics.csv
17,random_r,1000.0,0.0,0.0,10.0,9.0,0.0,0.705,42.810507246376815,2.3132969550078353,139.0,139.0,,0.0,0.0,0.0,0.0,0.0,/home/sun/dev/emergence_lab/experiments/results/ablation_c0r_100x1000/seed_17/random_r_seed17_20260815T185950Z,/home/sun/dev/emergence_lab/experiments/results/ablation_c0r_100x1000/seed_17/metrics.csv
17,reactive_r,1000.0,12.0,43.0,41.0,684.0,884.0,11.349,74.23977304639804,2.3130336218138208,,1000.0,2.0,7.0,5.0,1.0,1.0,0.0,/home/sun/dev/emergence_lab/experiments/results/ablation_c0r_100x1000/seed_17/reactive_r_seed17_20260815T185951Z,/home/sun/dev/emergence_lab/experiments/results/ablation_c0r_100x1000/seed_17/metrics.csv
18,random,1000.0,0.0,0.0,10.0,9.0,0.0,0.687,44.92685950413223,2.3156439814301844,122.0,122.0,,0.0,0.0,0.0,0.0,0.0,/home/sun/dev/emergence_lab/experiments/results/ablation_c0r_100x1000/seed_18/random_seed18_20260815T185951Z,/home/sun/dev/emergence_lab/experiments/results/ablation_c0r_100x1000/seed_18/metrics.csv
18,random_r,1000.0,0.0,0.0,10.0,9.0,0.0,0.687,44.92685950413223,2.3156439814301844,122.0,122.0,,0.0,0.0,0.0,0.0,0.0,/home/sun/dev/emergence_lab/experiments/results/ablation_c0r_100x1000/seed_18/random_r_seed18_20260815T185951Z,/home/sun/dev/emergence_lab/experiments/results/ablation_c0r_100x1000/seed_18/metrics.csv
18,reactive_r,1000.0,4.0,22.0,28.0,432.0,369.0,7.457,71.9101514069264,2.3151079569616804,,1000.0,4.0,8.0,2.0,1.0,1.0,0.0,/home/sun/dev/emergence_lab/experiments/results/ablation_c0r_100x1000/seed_18/reactive_r_seed18_20260815T185951Z,/home/sun/dev/emergence_lab/experiments/results/ablation_c0r_100x1000/seed_18/metrics.csv
19,random,1000.0,0.0,0.0,10.0,3.0,0.0,0.604,41.514700374531834,2.3203143029503535,90.0,90.0,,0.0,0.0,0.0,0.0,0.0,/home/sun/dev/emergence_lab/experiments/results/ablation_c0r_100x1000/seed_19/random_seed19_20260815T185952Z,/home/sun/dev/emergence_lab/experiments/results/ablation_c0r_100x1000/seed_19/metrics.csv
19,random_r,1000.0,0.0,0.0,10.0,3.0,0.0,0.604,41.514700374531834,2.3203143029503535,90.0,90.0,,0.0,0.0,0.0,0.0,0.0,/home/sun/dev/emergence_lab/experiments/results/ablation_c0r_100x1000/seed_19/random_r_seed19_20260815T185952Z,/home/sun/dev/emergence_lab/experiments/results/ablation_c0r_100x1000/seed_19/metrics.csv
19,reactive_r,1000.0,10.0,28.0,28.0,483.0,658.0,8.222,69.12669104784105,2.316053749557833,,1000.0,201.0,6.0,1.0,1.0,1.0,0.0,/home/sun/dev/emergence_lab/experiments/results/ablation_c0r_100x1000/seed_19/reactive_r_seed19_20260815T185952Z,/home/sun/dev/emergence_lab/experiments/results/ablation_c0r_100x1000/seed_19/metrics.csv
20,random,1000.0,0.0,0.0,10.0,6.0,0.0,0.656,42.49552469135802,2.317444802048001,109.0,109.0,,0.0,0.0,0.0,0.0,0.0,/home/sun/dev/emergence_lab/experiments/results/ablation_c0r_100x1000/seed_20/random_seed20_20260815T185952Z,/home/sun/dev/emergence_lab/experiments/results/ablation_c0r_100x1000/seed_20/metrics.csv
20,random_r,1000.0,0.0,0.0,10.0,6.0,0.0,0.656,42.49552469135802,2.317444802048001,109.0,109.0,,0.0,0.0,0.0,0.0,0.0,/home/sun/dev/emergence_lab/experiments/results/ablation_c0r_100x1000/seed_20/random_r_seed20_20260815T185952Z,/home/sun/dev/emergence_lab/experiments/results/ablation_c0r_100x1000/seed_20/metrics.csv
20,reactive_r,1000.0,8.0,29.0,31.0,537.0,503.0,9.136,74.15708517316017,2.317375098165729,,1000.0,9.0,6.0,5.0,1.0,1.0,0.0,/home/sun/dev/emergence_lab/experiments/results/ablation_c0r_100x1000/seed_20/reactive_r_seed20_20260815T185952Z,/home/sun/dev/emergence_lab/experiments/results/ablation_c0r_100x1000/seed_20/metrics.csv
21,random,1000.0,0.0,0.0,10.0,3.0,0.0,0.595,42.323564294631716,2.3189341372174566,90.0,90.0,,0.0,0.0,0.0,0.0,0.0,/home/sun/dev/emergence_lab/experiments/results/ablation_c0r_100x1000/seed_21/random_seed21_20260815T185953Z,/home/sun/dev/emergence_lab/experiments/results/ablation_c0r_100x1000/seed_21/metrics.csv
21,random_r,1000.0,0.0,0.0,10.0,3.0,0.0,0.595,42.323564294631716,2.3189341372174566,90.0,90.0,,0.0,0.0,0.0,0.0,0.0,/home/sun/dev/emergence_lab/experiments/results/ablation_c0r_100x1000/seed_21/random_r_seed21_20260815T185953Z,/home/sun/dev/emergence_lab/experiments/results/ablation_c0r_100x1000/seed_21/metrics.csv
21,reactive_r,1000.0,8.0,37.0,39.0,487.0,483.0,8.313,70.39012284104784,2.3153136522853517,,1000.0,27.0,7.0,3.0,1.0,1.0,0.0,/home/sun/dev/emergence_lab/experiments/results/ablation_c0r_100x1000/seed_21/reactive_r_seed21_20260815T185953Z,/home/sun/dev/emergence_lab/experiments/results/ablation_c0r_100x1000/seed_21/metrics.csv
22,random,1000.0,0.0,0.0,10.0,13.0,0.0,0.759,49.999931129476586,2.319000696657996,122.0,122.0,,0.0,0.0,0.0,0.0,0.0,/home/sun/dev/emergence_lab/experiments/results/ablation_c0r_100x1000/seed_22/random_seed22_20260815T185954Z,/home/sun/dev/emergence_lab/experiments/results/ablation_c0r_100x1000/seed_22/metrics.csv
22,random_r,1000.0,0.0,0.0,10.0,13.0,0.0,0.759,49.999931129476586,2.319000696657996,122.0,122.0,,0.0,0.0,0.0,0.0,0.0,/home/sun/dev/emergence_lab/experiments/results/ablation_c0r_100x1000/seed_22/random_r_seed22_20260815T185954Z,/home/sun/dev/emergence_lab/experiments/results/ablation_c0r_100x1000/seed_22/metrics.csv
22,reactive_r,1000.0,0.0,7.0,17.0,182.0,0.0,3.514,62.77866652092512,2.3123338111562806,902.0,902.0,29.0,3.0,2.0,0.0,1.0,0.0,/home/sun/dev/emergence_lab/experiments/results/ablation_c0r_100x1000/seed_22/reactive_r_seed22_20260815T185954Z,/home/sun/dev/emergence_lab/experiments/results/ablation_c0r_100x1000/seed_22/metrics.csv
23,random,1000.0,0.0,0.0,10.0,11.0,0.0,0.728,46.7609477124183,2.319790864524511,137.0,137.0,,0.0,0.0,0.0,0.0,0.0,/home/sun/dev/emergence_lab/experiments/results/ablation_c0r_100x1000/seed_23/random_seed23_20260815T185954Z,/home/sun/dev/emergence_lab/experiments/results/ablation_c0r_100x1000/seed_23/metrics.csv
23,random_r,1000.0,0.0,0.0,10.0,11.0,0.0,0.728,46.7609477124183,2.319790864524511,137.0,137.0,,0.0,0.0,0.0,0.0,0.0,/home/sun/dev/emergence_lab/experiments/results/ablation_c0r_100x1000/seed_23/random_r_seed23_20260815T185954Z,/home/sun/dev/emergence_lab/experiments/results/ablation_c0r_100x1000/seed_23/metrics.csv
23,reactive_r,1000.0,9.0,66.0,67.0,794.0,742.0,13.282,74.29822690691661,2.314217183509984,,1000.0,3.0,11.0,5.0,1.0,1.0,0.0,/home/sun/dev/emergence_lab/experiments/results/ablation_c0r_100x1000/seed_23/reactive_r_seed23_20260815T185954Z,/home/sun/dev/emergence_lab/experiments/results/ablation_c0r_100x1000/seed_23/metrics.csv
24,random,1000.0,0.0,0.0,10.0,7.0,0.0,0.663,47.02056010928962,2.318198562243238,123.0,123.0,,0.0,0.0,0.0,0.0,0.0,/home/sun/dev/emergence_lab/experiments/results/ablation_c0r_100x1000/seed_24/random_seed24_20260815T185955Z,/home/sun/dev/emergence_lab/experiments/results/ablation_c0r_100x1000/seed_24/metrics.csv
24,random_r,1000.0,0.0,0.0,10.0,7.0,0.0,0.663,47.02056010928962,2.318198562243238,123.0,123.0,,0.0,0.0,0.0,0.0,0.0,/home/sun/dev/emergence_lab/experiments/results/ablation_c0r_100x1000/seed_24/random_r_seed24_20260815T185955Z,/home/sun/dev/emergence_lab/experiments/results/ablation_c0r_100x1000/seed_24/metrics.csv
24,reactive_r,1000.0,10.0,52.0,52.0,721.0,763.0,12.081,72.57766783078034,2.312905430337361,,1000.0,4.0,8.0,3.0,1.0,1.0,0.0,/home/sun/dev/emergence_lab/experiments/results/ablation_c0r_100x1000/seed_24/reactive_r_seed24_20260815T185955Z,/home/sun/dev/emergence_lab/experiments/results/ablation_c0r_100x1000/seed_24/metrics.csv
25,random,1000.0,0.0,0.0,10.0,4.0,0.0,0.619,47.53533950617284,2.315337672354305,73.0,73.0,,0.0,0.0,0.0,0.0,0.0,/home/sun/dev/emergence_lab/experiments/results/ablation_c0r_100x1000/seed_25/random_seed25_20260815T185956Z,/home/sun/dev/emergence_lab/experiments/results/ablation_c0r_100x1000/seed_25/metrics.csv
25,random_r,1000.0,0.0,0.0,10.0,4.0,0.0,0.619,47.53533950617284,2.315337672354305,73.0,73.0,,0.0,0.0,0.0,0.0,0.0,/home/sun/dev/emergence_lab/experiments/results/ablation_c0r_100x1000/seed_25/random_r_seed25_20260815T185956Z,/home/sun/dev/emergence_lab/experiments/results/ablation_c0r_100x1000/seed_25/metrics.csv
25,reactive_r,1000.0,3.0,24.0,31.0,427.0,179.0,7.513,75.53648250638251,2.3185589062442093,,1000.0,3.0,8.0,5.0,1.0,1.0,0.0,/home/sun/dev/emergence_lab/experiments/results/ablation_c0r_100x1000/seed_25/reactive_r_seed25_20260815T185956Z,/home/sun/dev/emergence_lab/experiments/results/ablation_c0r_100x1000/seed_25/metrics.csv
26,random,1000.0,0.0,0.0,10.0,8.0,0.0,0.689,54.16101928374656,2.3176388069017455,122.0,122.0,,0.0,0.0,0.0,0.0,0.0,/home/sun/dev/emergence_lab/experiments/results/ablation_c0r_100x1000/seed_26/random_seed26_20260815T185956Z,/home/sun/dev/emergence_lab/experiments/results/ablation_c0r_100x1000/seed_26/metrics.csv
26,random_r,1000.0,0.0,1.0,11.0,12.0,0.0,0.753,40.8170697118973,2.31894225672002,117.0,117.0,5.0,1.0,1.0,0.0,1.0,0.0,/home/sun/dev/emergence_lab/experiments/results/ablation_c0r_100x1000/seed_26/random_r_seed26_20260815T185956Z,/home/sun/dev/emergence_lab/experiments/results/ablation_c0r_100x1000/seed_26/metrics.csv
26,reactive_r,1000.0,9.0,42.0,43.0,635.0,656.0,10.692,71.76377958152958,2.315730437778471,,1000.0,3.0,9.0,4.0,1.0,1.0,0.0,/home/sun/dev/emergence_lab/experiments/results/ablation_c0r_100x1000/seed_26/reactive_r_seed26_20260815T185956Z,/home/sun/dev/emergence_lab/experiments/results/ablation_c0r_100x1000/seed_26/metrics.csv
27,random,1000.0,0.0,0.0,10.0,5.0,0.0,0.622,43.23201058201059,2.315619090270601,73.0,73.0,,0.0,0.0,0.0,0.0,0.0,/home/sun/dev/emergence_lab/experiments/results/ablation_c0r_100x1000/seed_27/random_seed27_20260815T185957Z,/home/sun/dev/emergence_lab/experiments/results/ablation_c0r_100x1000/seed_27/metrics.csv
27,random_r,1000.0,0.0,0.0,10.0,5.0,0.0,0.622,43.23201058201059,2.315619090270601,73.0,73.0,,0.0,0.0,0.0,0.0,0.0,/home/sun/dev/emergence_lab/experiments/results/ablation_c0r_100x1000/seed_27/random_r_seed27_20260815T185957Z,/home/sun/dev/emergence_lab/experiments/results/ablation_c0r_100x1000/seed_27/metrics.csv
27,reactive_r,1000.0,11.0,62.0,61.0,735.0,762.0,12.347,72.36514248749617,2.3142579230790754,,1000.0,3.0,8.0,3.0,1.0,1.0,0.0,/home/sun/dev/emergence_lab/experiments/results/ablation_c0r_100x1000/seed_27/reactive_r_seed27_20260815T185957Z,/home/sun/dev/emergence_lab/experiments/results/ablation_c0r_100x1000/seed_27/metrics.csv
28,random,1000.0,0.0,0.0,10.0,8.0,0.0,0.691,41.59950476190476,2.3168212250700235,126.0,126.0,,0.0,0.0,0.0,0.0,0.0,/home/sun/dev/emergence_lab/experiments/results/ablation_c0r_100x1000/seed_28/random_seed28_20260815T185958Z,/home/sun/dev/emergence_lab/experiments/results/ablation_c0r_100x1000/seed_28/metrics.csv
28,random_r,1000.0,0.0,0.0,10.0,8.0,0.0,0.691,41.59950476190476,2.3168212250700235,126.0,126.0,,0.0,0.0,0.0,0.0,0.0,/home/sun/dev/emergence_lab/experiments/results/ablation_c0r_100x1000/seed_28/random_r_seed28_20260815T185958Z,/home/sun/dev/emergence_lab/experiments/results/ablation_c0r_100x1000/seed_28/metrics.csv
28,reactive_r,1000.0,6.0,42.0,46.0,622.0,419.0,10.671,70.4574727050727,2.3174658939334707,,1000.0,3.0,9.0,4.0,1.0,1.0,0.0,/home/sun/dev/emergence_lab/experiments/results/ablation_c0r_100x1000/seed_28/reactive_r_seed28_20260815T185958Z,/home/sun/dev/emergence_lab/experiments/results/ablation_c0r_100x1000/seed_28/metrics.csv
29,random,1000.0,0.0,0.0,10.0,10.0,0.0,0.731,47.92910221413406,2.3099901591123824,158.0,158.0,,0.0,0.0,0.0,0.0,0.0,/home/sun/dev/emergence_lab/experiments/results/ablation_c0r_100x1000/seed_29/random_seed29_20260815T185959Z,/home/sun/dev/emergence_lab/experiments/results/ablation_c0r_100x1000/seed_29/metrics.csv
29,random_r,1000.0,0.0,0.0,10.0,10.0,0.0,0.731,47.92910221413406,2.3099901591123824,158.0,158.0,,0.0,0.0,0.0,0.0,0.0,/home/sun/dev/emergence_lab/experiments/results/ablation_c0r_100x1000/seed_29/random_r_seed29_20260815T185959Z,/home/sun/dev/emergence_lab/experiments/results/ablation_c0r_100x1000/seed_29/metrics.csv
29,reactive_r,1000.0,8.0,26.0,28.0,402.0,629.0,6.841,69.2252285159285,2.3164176667773546,,1000.0,4.0,4.0,3.0,1.0,1.0,0.0,/home/sun/dev/emergence_lab/experiments/results/ablation_c0r_100x1000/seed_29/reactive_r_seed29_20260815T185959Z,/home/sun/dev/emergence_lab/experiments/results/ablation_c0r_100x1000/seed_29/metrics.csv
30,random,1000.0,0.0,0.0,10.0,5.0,0.0,0.633,43.946666666666665,2.3203388119233392,91.0,91.0,,0.0,0.0,0.0,0.0,0.0,/home/sun/dev/emergence_lab/experiments/results/ablation_c0r_100x1000/seed_30/random_seed30_20260815T185959Z,/home/sun/dev/emergence_lab/experiments/results/ablation_c0r_100x1000/seed_30/metrics.csv
30,random_r,1000.0,0.0,0.0,10.0,5.0,0.0,0.633,43.946666666666665,2.3203388119233392,91.0,91.0,,0.0,0.0,0.0,0.0,0.0,/home/sun/dev/emergence_lab/experiments/results/ablation_c0r_100x1000/seed_30/random_r_seed30_20260815T185959Z,/home/sun/dev/emergence_lab/experiments/results/ablation_c0r_100x1000/seed_30/metrics.csv
30,reactive_r,1000.0,8.0,38.0,40.0,517.0,583.0,8.785,70.46955791430791,2.3159434817659603,,1000.0,16.0,9.0,3.0,1.0,1.0,0.0,/home/sun/dev/emergence_lab/experiments/results/ablation_c0r_100x1000/seed_30/reactive_r_seed30_20260815T185959Z,/home/sun/dev/emergence_lab/experiments/results/ablation_c0r_100x1000/seed_30/metrics.csv
31,random,1000.0,0.0,0.0,10.0,0.0,0.0,0.549,47.53333333333333,2.3140662200710627,59.0,59.0,,0.0,0.0,0.0,0.0,0.0,/home/sun/dev/emergence_lab/experiments/results/ablation_c0r_100x1000/seed_31/random_seed31_20260815T190000Z,/home/sun/dev/emergence_lab/experiments/results/ablation_c0r_100x1000/seed_31/metrics.csv
31,random_r,1000.0,0.0,0.0,10.0,0.0,0.0,0.549,47.53333333333333,2.3140662200710627,59.0,59.0,,0.0,0.0,0.0,0.0,0.0,/home/sun/dev/emergence_lab/experiments/results/ablation_c0r_100x1000/seed_31/random_r_seed31_20260815T190000Z,/home/sun/dev/emergence_lab/experiments/results/ablation_c0r_100x1000/seed_31/metrics.csv
31,reactive_r,1000.0,11.0,47.0,46.0,646.0,561.0,10.935,68.36230405982906,2.3140805430074107,,1000.0,7.0,7.0,5.0,1.0,1.0,0.0,/home/sun/dev/emergence_lab/experiments/results/ablation_c0r_100x1000/seed_31/reactive_r_seed31_20260815T190000Z,/home/sun/dev/emergence_lab/experiments/results/ablation_c0r_100x1000/seed_31/metrics.csv
32,random,1000.0,0.0,0.0,10.0,5.0,0.0,0.646,48.156410256410254,2.3152689422904733,105.0,105.0,,0.0,0.0,0.0,0.0,0.0,/home/sun/dev/emergence_lab/experiments/results/ablation_c0r_100x1000/seed_32/random_seed32_20260815T190000Z,/home/sun/dev/emergence_lab/experiments/results/ablation_c0r_100x1000/seed_32/metrics.csv
32,random_r,1000.0,0.0,0.0,10.0,5.0,0.0,0.646,48.156410256410254,2.3152689422904733,105.0,105.0,,0.0,0.0,0.0,0.0,0.0,/home/sun/dev/emergence_lab/experiments/results/ablation_c0r_100x1000/seed_32/random_r_seed32_20260815T190001Z,/home/sun/dev/emergence_lab/experiments/results/ablation_c0r_100x1000/seed_32/metrics.csv
32,reactive_r,1000.0,13.0,47.0,44.0,606.0,838.0,10.157,71.04113437118437,2.31337838225021,,1000.0,20.0,12.0,4.0,1.0,1.0,0.0,/home/sun/dev/emergence_lab/experiments/results/ablation_c0r_100x1000/seed_32/reactive_r_seed32_20260815T190001Z,/home/sun/dev/emergence_lab/experiments/results/ablation_c0r_100x1000/seed_32/metrics.csv
33,random,1000.0,0.0,0.0,10.0,8.0,0.0,0.674,55.109825870646766,2.314836788176949,135.0,135.0,,0.0,0.0,0.0,0.0,0.0,/home/sun/dev/emergence_lab/experiments/results/ablation_c0r_100x1000/seed_33/random_seed33_20260815T190001Z,/home/sun/dev/emergence_lab/experiments/results/ablation_c0r_100x1000/seed_33/metrics.csv
33,random_r,1000.0,0.0,0.0,10.0,8.0,0.0,0.674,55.109825870646766,2.314836788176949,135.0,135.0,,0.0,0.0,0.0,0.0,0.0,/home/sun/dev/emergence_lab/experiments/results/ablation_c0r_100x1000/seed_33/random_r_seed33_20260815T190001Z,/home/sun/dev/emergence_lab/experiments/results/ablation_c0r_100x1000/seed_33/metrics.csv
33,reactive_r,1000.0,11.0,50.0,49.0,662.0,870.0,11.032,75.09245123210123,2.314964679517044,,1000.0,4.0,9.0,5.0,1.0,1.0,0.0,/home/sun/dev/emergence_lab/experiments/results/ablation_c0r_100x1000/seed_33/reactive_r_seed33_20260815T190001Z,/home/sun/dev/emergence_lab/experiments/results/ablation_c0r_100x1000/seed_33/metrics.csv
34,random,1000.0,0.0,0.0,10.0,14.0,0.0,0.791,38.65860119047619,2.3200837336578415,161.0,161.0,,0.0,0.0,0.0,0.0,0.0,/home/sun/dev/emergence_lab/experiments/results/ablation_c0r_100x1000/seed_34/random_seed34_20260815T190002Z,/home/sun/dev/emergence_lab/experiments/results/ablation_c0r_100x1000/seed_34/metrics.csv
34,random_r,1000.0,0.0,0.0,10.0,14.0,0.0,0.791,38.65860119047619,2.3200837336578415,161.0,161.0,,0.0,0.0,0.0,0.0,0.0,/home/sun/dev/emergence_lab/experiments/results/ablation_c0r_100x1000/seed_34/random_r_seed34_20260815T190002Z,/home/sun/dev/emergence_lab/experiments/results/ablation_c0r_100x1000/seed_34/metrics.csv
34,reactive_r,1000.0,2.0,15.0,23.0,228.0,53.0,4.273,73.55601915861916,2.316856994373444,,1000.0,4.0,4.0,5.0,1.0,1.0,0.0,/home/sun/dev/emergence_lab/experiments/results/ablation_c0r_100x1000/seed_34/reactive_r_seed34_20260815T190002Z,/home/sun/dev/emergence_lab/experiments/results/ablation_c0r_100x1000/seed_34/metrics.csv
35,random,1000.0,0.0,0.0,10.0,12.0,0.0,0.748,47.72604382332643,2.3170640300308953,139.0,139.0,,0.0,0.0,0.0,0.0,0.0,/home/sun/dev/emergence_lab/experiments/results/ablation_c0r_100x1000/seed_35/random_seed35_20260815T190002Z,/home/sun/dev/emergence_lab/experiments/results/ablation_c0r_100x1000/seed_35/metrics.csv
35,random_r,1000.0,0.0,0.0,10.0,12.0,0.0,0.748,47.72604382332643,2.3170640300308953,139.0,139.0,,0.0,0.0,0.0,0.0,0.0,/home/sun/dev/emergence_lab/experiments/results/ablation_c0r_100x1000/seed_35/random_r_seed35_20260815T190002Z,/home/sun/dev/emergence_lab/experiments/results/ablation_c0r_100x1000/seed_35/metrics.csv
35,reactive_r,1000.0,9.0,33.0,34.0,469.0,709.0,7.904,75.79499644244645,2.316761886377985,,1000.0,19.0,5.0,3.0,1.0,1.0,0.0,/home/sun/dev/emergence_lab/experiments/results/ablation_c0r_100x1000/seed_35/reactive_r_seed35_20260815T190003Z,/home/sun/dev/emergence_lab/experiments/results/ablation_c0r_100x1000/seed_35/metrics.csv
36,random,1000.0,0.0,0.0,10.0,3.0,0.0,0.603,44.59650364650365,2.317027331156353,75.0,75.0,,0.0,0.0,0.0,0.0,0.0,/home/sun/dev/emergence_lab/experiments/results/ablation_c0r_100x1000/seed_36/random_seed36_20260815T190003Z,/home/sun/dev/emergence_lab/experiments/results/ablation_c0r_100x1000/seed_36/metrics.csv
36,random_r,1000.0,0.0,0.0,10.0,3.0,0.0,0.603,44.59650364650365,2.317027331156353,75.0,75.0,,0.0,0.0,0.0,0.0,0.0,/home/sun/dev/emergence_lab/experiments/results/ablation_c0r_100x1000/seed_36/random_r_seed36_20260815T190003Z,/home/sun/dev/emergence_lab/experiments/results/ablation_c0r_100x1000/seed_36/metrics.csv
36,reactive_r,1000.0,13.0,47.0,44.0,654.0,817.0,10.914,74.89456051448552,2.3144538844032914,,1000.0,3.0,7.0,5.0,1.0,1.0,0.0,/home/sun/dev/emergence_lab/experiments/results/ablation_c0r_100x1000/seed_36/reactive_r_seed36_20260815T190003Z,/home/sun/dev/emergence_lab/experiments/results/ablation_c0r_100x1000/seed_36/metrics.csv
37,random,1000.0,0.0,0.0,10.0,5.0,0.0,0.631,42.969662921348316,2.3201030306434545,90.0,90.0,,0.0,0.0,0.0,0.0,0.0,/home/sun/dev/emergence_lab/experiments/results/ablation_c0r_100x1000/seed_37/random_seed37_20260815T190004Z,/home/sun/dev/emergence_lab/experiments/results/ablation_c0r_100x1000/seed_37/metrics.csv
37,random_r,1000.0,0.0,0.0,10.0,5.0,0.0,0.631,42.969662921348316,2.3201030306434545,90.0,90.0,,0.0,0.0,0.0,0.0,0.0,/home/sun/dev/emergence_lab/experiments/results/ablation_c0r_100x1000/seed_37/random_r_seed37_20260815T190004Z,/home/sun/dev/emergence_lab/experiments/results/ablation_c0r_100x1000/seed_37/metrics.csv
37,reactive_r,1000.0,6.0,23.0,27.0,387.0,498.0,6.65,73.04604725829726,2.316085054997465,,1000.0,3.0,4.0,4.0,1.0,1.0,0.0,/home/sun/dev/emergence_lab/experiments/results/ablation_c0r_100x1000/seed_37/reactive_r_seed37_20260815T190004Z,/home/sun/dev/emergence_lab/experiments/results/ablation_c0r_100x1000/seed_37/metrics.csv
38,random,1000.0,0.0,0.0,10.0,2.0,0.0,0.58,42.39069069069069,2.319879206059952,75.0,75.0,,0.0,0.0,0.0,0.0,0.0,/home/sun/dev/emergence_lab/experiments/results/ablation_c0r_100x1000/seed_38/random_seed38_20260815T190004Z,/home/sun/dev/emergence_lab/experiments/results/ablation_c0r_100x1000/seed_38/metrics.csv
38,random_r,1000.0,0.0,0.0,10.0,2.0,0.0,0.58,42.39069069069069,2.319879206059952,75.0,75.0,,0.0,0.0,0.0,0.0,0.0,/home/sun/dev/emergence_lab/experiments/results/ablation_c0r_100x1000/seed_38/random_r_seed38_20260815T190004Z,/home/sun/dev/emergence_lab/experiments/results/ablation_c0r_100x1000/seed_38/metrics.csv
38,reactive_r,1000.0,8.0,57.0,59.0,668.0,745.0,11.283,73.80507907345921,2.3175457025458077,,1000.0,34.0,8.0,4.0,1.0,1.0,0.0,/home/sun/dev/emergence_lab/experiments/results/ablation_c0r_100x1000/seed_38/reactive_r_seed38_20260815T190004Z,/home/sun/dev/emergence_lab/experiments/results/ablation_c0r_100x1000/seed_38/metrics.csv
39,random,1000.0,0.0,0.0,10.0,6.0,0.0,0.66,41.25983436853002,2.318880355208111,93.0,93.0,,0.0,0.0,0.0,0.0,0.0,/home/sun/dev/emergence_lab/experiments/results/ablation_c0r_100x1000/seed_39/random_seed39_20260815T190005Z,/home/sun/dev/emergence_lab/experiments/results/ablation_c0r_100x1000/seed_39/metrics.csv
39,random_r,1000.0,0.0,0.0,10.0,6.0,0.0,0.66,41.25983436853002,2.318880355208111,93.0,93.0,,0.0,0.0,0.0,0.0,0.0,/home/sun/dev/emergence_lab/experiments/results/ablation_c0r_100x1000/seed_39/random_r_seed39_20260815T190005Z,/home/sun/dev/emergence_lab/experiments/results/ablation_c0r_100x1000/seed_39/metrics.csv
39,reactive_r,1000.0,3.0,18.0,25.0,309.0,186.0,5.551,69.88951287878788,2.3160764293378517,,1000.0,19.0,5.0,3.0,1.0,1.0,0.0,/home/sun/dev/emergence_lab/experiments/results/ablation_c0r_100x1000/seed_39/reactive_r_seed39_20260815T190005Z,/home/sun/dev/emergence_lab/experiments/results/ablation_c0r_100x1000/seed_39/metrics.csv
40,random,1000.0,0.0,0.0,10.0,10.0,0.0,0.719,46.45184523809524,2.317879830459091,121.0,121.0,,0.0,0.0,0.0,0.0,0.0,/home/sun/dev/emergence_lab/experiments/results/ablation_c0r_100x1000/seed_40/random_seed40_20260815T190006Z,/home/sun/dev/emergence_lab/experiments/results/ablation_c0r_100x1000/seed_40/metrics.csv
40,random_r,1000.0,0.0,0.0,10.0,10.0,0.0,0.719,46.45184523809524,2.317879830459091,121.0,121.0,,0.0,0.0,0.0,0.0,0.0,/home/sun/dev/emergence_lab/experiments/results/ablation_c0r_100x1000/seed_40/random_r_seed40_20260815T190006Z,/home/sun/dev/emergence_lab/experiments/results/ablation_c0r_100x1000/seed_40/metrics.csv
40,reactive_r,1000.0,12.0,37.0,35.0,556.0,634.0,9.403,70.11636416083917,2.3169002785602797,,1000.0,3.0,10.0,4.0,1.0,1.0,0.0,/home/sun/dev/emergence_lab/experiments/results/ablation_c0r_100x1000/seed_40/reactive_r_seed40_20260815T190006Z,/home/sun/dev/emergence_lab/experiments/results/ablation_c0r_100x1000/seed_40/metrics.csv
41,random,1000.0,0.0,0.0,10.0,5.0,0.0,0.635,42.2075283446712,2.3177732019130524,106.0,106.0,,0.0,0.0,0.0,0.0,0.0,/home/sun/dev/emergence_lab/experiments/results/ablation_c0r_100x1000/seed_41/random_seed41_20260815T190006Z,/home/sun/dev/emergence_lab/experiments/results/ablation_c0r_100x1000/seed_41/metrics.csv
41,random_r,1000.0,0.0,0.0,10.0,5.0,0.0,0.635,42.2075283446712,2.3177732019130524,106.0,106.0,,0.0,0.0,0.0,0.0,0.0,/home/sun/dev/emergence_lab/experiments/results/ablation_c0r_100x1000/seed_41/random_r_seed41_20260815T190006Z,/home/sun/dev/emergence_lab/experiments/results/ablation_c0r_100x1000/seed_41/metrics.csv
41,reactive_r,1000.0,6.0,35.0,39.0,480.0,400.0,8.251,71.78322175324675,2.3163644058440593,,1000.0,17.0,4.0,4.0,1.0,1.0,0.0,/home/sun/dev/emergence_lab/experiments/results/ablation_c0r_100x1000/seed_41/reactive_r_seed41_20260815T190006Z,/home/sun/dev/emergence_lab/experiments/results/ablation_c0r_100x1000/seed_41/metrics.csv
42,random,1000.0,0.0,0.0,10.0,3.0,0.0,0.595,42.35686274509804,2.3206415244914806,86.0,86.0,,0.0,0.0,0.0,0.0,0.0,/home/sun/dev/emergence_lab/experiments/results/ablation_c0r_100x1000/seed_42/random_seed42_20260815T190007Z,/home/sun/dev/emergence_lab/experiments/results/ablation_c0r_100x1000/seed_42/metrics.csv
42,random_r,1000.0,0.0,0.0,10.0,3.0,0.0,0.595,42.35686274509804,2.3206415244914806,86.0,86.0,,0.0,0.0,0.0,0.0,0.0,/home/sun/dev/emergence_lab/experiments/results/ablation_c0r_100x1000/seed_42/random_r_seed42_20260815T190007Z,/home/sun/dev/emergence_lab/experiments/results/ablation_c0r_100x1000/seed_42/metrics.csv
42,reactive_r,1000.0,12.0,47.0,45.0,602.0,855.0,10.018,74.33983127150628,2.313939481893122,,1000.0,19.0,6.0,6.0,1.0,1.0,0.0,/home/sun/dev/emergence_lab/experiments/results/ablation_c0r_100x1000/seed_42/reactive_r_seed42_20260815T190007Z,/home/sun/dev/emergence_lab/experiments/results/ablation_c0r_100x1000/seed_42/metrics.csv
43,random,1000.0,0.0,0.0,10.0,6.0,0.0,0.646,40.58197167755991,2.3209997245890848,103.0,103.0,,0.0,0.0,0.0,0.0,0.0,/home/sun/dev/emergence_lab/experiments/results/ablation_c0r_100x1000/seed_43/random_seed43_20260815T190008Z,/home/sun/dev/emergence_lab/experiments/results/ablation_c0r_100x1000/seed_43/metrics.csv
43,random_r,1000.0,0.0,0.0,10.0,6.0,0.0,0.646,40.58197167755991,2.3209997245890848,103.0,103.0,,0.0,0.0,0.0,0.0,0.0,/home/sun/dev/emergence_lab/experiments/results/ablation_c0r_100x1000/seed_43/random_r_seed43_20260815T190008Z,/home/sun/dev/emergence_lab/experiments/results/ablation_c0r_100x1000/seed_43/metrics.csv
43,reactive_r,1000.0,13.0,67.0,64.0,725.0,923.0,12.11,70.35791098068597,2.3163107493240536,,1000.0,4.0,7.0,4.0,1.0,1.0,0.0,/home/sun/dev/emergence_lab/experiments/results/ablation_c0r_100x1000/seed_43/reactive_r_seed43_20260815T190008Z,/home/sun/dev/emergence_lab/experiments/results/ablation_c0r_100x1000/seed_43/metrics.csv
44,random,1000.0,0.0,0.0,10.0,5.0,0.0,0.629,45.91717171717172,2.3124937519572075,122.0,122.0,,0.0,0.0,0.0,0.0,0.0,/home/sun/dev/emergence_lab/experiments/results/ablation_c0r_100x1000/seed_44/random_seed44_20260815T190008Z,/home/sun/dev/emergence_lab/experiments/results/ablation_c0r_100x1000/seed_44/metrics.csv
44,random_r,1000.0,0.0,0.0,10.0,5.0,0.0,0.629,45.91717171717172,2.3124937519572075,122.0,122.0,,0.0,0.0,0.0,0.0,0.0,/home/sun/dev/emergence_lab/experiments/results/ablation_c0r_100x1000/seed_44/random_r_seed44_20260815T190008Z,/home/sun/dev/emergence_lab/experiments/results/ablation_c0r_100x1000/seed_44/metrics.csv
44,reactive_r,1000.0,9.0,36.0,37.0,524.0,644.0,8.847,74.8591994033744,2.316383331174787,,1000.0,4.0,7.0,4.0,1.0,1.0,0.0,/home/sun/dev/emergence_lab/experiments/results/ablation_c0r_100x1000/seed_44/reactive_r_seed44_20260815T190009Z,/home/sun/dev/emergence_lab/experiments/results/ablation_c0r_100x1000/seed_44/metrics.csv
45,random,1000.0,0.0,0.0,10.0,8.0,0.0,0.696,40.12013333333333,2.311275377037212,126.0,126.0,,0.0,0.0,0.0,0.0,0.0,/home/sun/dev/emergence_lab/experiments/results/ablation_c0r_100x1000/seed_45/random_seed45_20260815T190009Z,/home/sun/dev/emergence_lab/experiments/results/ablation_c0r_100x1000/seed_45/metrics.csv
45,random_r,1000.0,0.0,0.0,10.0,8.0,0.0,0.696,40.12013333333333,2.311275377037212,126.0,126.0,,0.0,0.0,0.0,0.0,0.0,/home/sun/dev/emergence_lab/experiments/results/ablation_c0r_100x1000/seed_45/random_r_seed45_20260815T190009Z,/home/sun/dev/emergence_lab/experiments/results/ablation_c0r_100x1000/seed_45/metrics.csv
45,reactive_r,1000.0,7.0,31.0,34.0,399.0,492.0,6.873,70.65720839160839,2.316285124121566,,1000.0,3.0,6.0,5.0,1.0,1.0,0.0,/home/sun/dev/emergence_lab/experiments/results/ablation_c0r_100x1000/seed_45/reactive_r_seed45_20260815T190009Z,/home/sun/dev/emergence_lab/experiments/results/ablation_c0r_100x1000/seed_45/metrics.csv
46,random,1000.0,0.0,0.0,10.0,8.0,0.0,0.682,53.95168389724311,2.3173112705854413,153.0,153.0,,0.0,0.0,0.0,0.0,0.0,/home/sun/dev/emergence_lab/experiments/results/ablation_c0r_100x1000/seed_46/random_seed46_20260815T190010Z,/home/sun/dev/emergence_lab/experiments/results/ablation_c0r_100x1000/seed_46/metrics.csv
46,random_r,1000.0,0.0,0.0,10.0,8.0,0.0,0.682,53.95168389724311,2.3173112705854413,153.0,153.0,,0.0,0.0,0.0,0.0,0.0,/home/sun/dev/emergence_lab/experiments/results/ablation_c0r_100x1000/seed_46/random_r_seed46_20260815T190010Z,/home/sun/dev/emergence_lab/experiments/results/ablation_c0r_100x1000/seed_46/metrics.csv
46,reactive_r,1000.0,9.0,37.0,38.0,584.0,814.0,9.752,76.72704005716506,2.3162533664402685,,1000.0,30.0,6.0,4.0,1.0,1.0,0.0,/home/sun/dev/emergence_lab/experiments/results/ablation_c0r_100x1000/seed_46/reactive_r_seed46_20260815T190010Z,/home/sun/dev/emergence_lab/experiments/results/ablation_c0r_100x1000/seed_46/metrics.csv
47,random,1000.0,0.0,0.0,10.0,6.0,0.0,0.647,40.55118601747815,2.317359318989103,90.0,90.0,,0.0,0.0,0.0,0.0,0.0,/home/sun/dev/emergence_lab/experiments/results/ablation_c0r_100x1000/seed_47/random_seed47_20260815T190010Z,/home/sun/dev/emergence_lab/experiments/results/ablation_c0r_100x1000/seed_47/metrics.csv
47,random_r,1000.0,0.0,0.0,10.0,6.0,0.0,0.647,40.55118601747815,2.317359318989103,90.0,90.0,,0.0,0.0,0.0,0.0,0.0,/home/sun/dev/emergence_lab/experiments/results/ablation_c0r_100x1000/seed_47/random_r_seed47_20260815T190010Z,/home/sun/dev/emergence_lab/experiments/results/ablation_c0r_100x1000/seed_47/metrics.csv
47,reactive_r,1000.0,12.0,40.0,38.0,528.0,764.0,8.887,71.00452857697859,2.314487059110384,,1000.0,84.0,10.0,3.0,1.0,1.0,0.0,/home/sun/dev/emergence_lab/experiments/results/ablation_c0r_100x1000/seed_47/reactive_r_seed47_20260815T190010Z,/home/sun/dev/emergence_lab/experiments/results/ablation_c0r_100x1000/seed_47/metrics.csv
48,random,1000.0,0.0,0.0,10.0,6.0,0.0,0.667,49.85085317460318,2.3154946580157993,121.0,121.0,,0.0,0.0,0.0,0.0,0.0,/home/sun/dev/emergence_lab/experiments/results/ablation_c0r_100x1000/seed_48/random_seed48_20260815T190011Z,/home/sun/dev/emergence_lab/experiments/results/ablation_c0r_100x1000/seed_48/metrics.csv
48,random_r,1000.0,0.0,1.0,11.0,9.0,0.0,0.717,43.394449875095034,2.3165266848136508,94.0,94.0,30.0,1.0,1.0,0.0,1.0,0.0,/home/sun/dev/emergence_lab/experiments/results/ablation_c0r_100x1000/seed_48/random_r_seed48_20260815T190011Z,/home/sun/dev/emergence_lab/experiments/results/ablation_c0r_100x1000/seed_48/metrics.csv
48,reactive_r,1000.0,10.0,59.0,59.0,718.0,694.0,12.042,71.78884317349318,2.31408329018791,,1000.0,3.0,7.0,6.0,1.0,1.0,0.0,/home/sun/dev/emergence_lab/experiments/results/ablation_c0r_100x1000/seed_48/reactive_r_seed48_20260815T190011Z,/home/sun/dev/emergence_lab/experiments/results/ablation_c0r_100x1000/seed_48/metrics.csv
49,random,1000.0,0.0,0.0,10.0,2.0,0.0,0.584,42.8579475308642,2.3190119156490407,73.0,73.0,,0.0,0.0,0.0,0.0,0.0,/home/sun/dev/emergence_lab/experiments/results/ablation_c0r_100x1000/seed_49/random_seed49_20260815T190012Z,/home/sun/dev/emergence_lab/experiments/results/ablation_c0r_100x1000/seed_49/metrics.csv
49,random_r,1000.0,0.0,0.0,10.0,2.0,0.0,0.584,42.8579475308642,2.3190119156490407,73.0,73.0,,0.0,0.0,0.0,0.0,0.0,/home/sun/dev/emergence_lab/experiments/results/ablation_c0r_100x1000/seed_49/random_r_seed49_20260815T190012Z,/home/sun/dev/emergence_lab/experiments/results/ablation_c0r_100x1000/seed_49/metrics.csv
49,reactive_r,1000.0,7.0,40.0,43.0,566.0,523.0,9.612,70.27235423187923,2.3164212852433828,,1000.0,3.0,8.0,3.0,1.0,1.0,0.0,/home/sun/dev/emergence_lab/experiments/results/ablation_c0r_100x1000/seed_49/reactive_r_seed49_20260815T190012Z,/home/sun/dev/emergence_lab/experiments/results/ablation_c0r_100x1000/seed_49/metrics.csv
50,random,1000.0,0.0,0.0,10.0,7.0,0.0,0.674,53.20185851318945,2.3177663028864806,140.0,140.0,,0.0,0.0,0.0,0.0,0.0,/home/sun/dev/emergence_lab/experiments/results/ablation_c0r_100x1000/seed_50/random_seed50_20260815T190012Z,/home/sun/dev/emergence_lab/experiments/results/ablation_c0r_100x1000/seed_50/metrics.csv
50,random_r,1000.0,0.0,0.0,10.0,7.0,0.0,0.674,53.20185851318945,2.3177663028864806,140.0,140.0,,0.0,0.0,0.0,0.0,0.0,/home/sun/dev/emergence_lab/experiments/results/ablation_c0r_100x1000/seed_50/random_r_seed50_20260815T190013Z,/home/sun/dev/emergence_lab/experiments/results/ablation_c0r_100x1000/seed_50/metrics.csv
50,reactive_r,1000.0,4.0,28.0,34.0,473.0,232.0,8.221,74.44432973692973,2.3164396877551465,,1000.0,13.0,6.0,5.0,1.0,1.0,0.0,/home/sun/dev/emergence_lab/experiments/results/ablation_c0r_100x1000/seed_50/reactive_r_seed50_20260815T190013Z,/home/sun/dev/emergence_lab/experiments/results/ablation_c0r_100x1000/seed_50/metrics.csv
51,random,1000.0,0.0,0.0,10.0,15.0,0.0,0.791,44.996685532136354,2.31971336258397,123.0,123.0,,0.0,0.0,0.0,0.0,0.0,/home/sun/dev/emergence_lab/experiments/results/ablation_c0r_100x1000/seed_51/random_seed51_20260815T190013Z,/home/sun/dev/emergence_lab/experiments/results/ablation_c0r_100x1000/seed_51/metrics.csv
51,random_r,1000.0,0.0,0.0,10.0,15.0,0.0,0.791,44.996685532136354,2.31971336258397,123.0,123.0,,0.0,0.0,0.0,0.0,0.0,/home/sun/dev/emergence_lab/experiments/results/ablation_c0r_100x1000/seed_51/random_r_seed51_20260815T190013Z,/home/sun/dev/emergence_lab/experiments/results/ablation_c0r_100x1000/seed_51/metrics.csv
51,reactive_r,1000.0,10.0,55.0,55.0,696.0,745.0,11.67,73.77215831766273,2.315267551284246,,1000.0,3.0,8.0,5.0,1.0,1.0,0.0,/home/sun/dev/emergence_lab/experiments/results/ablation_c0r_100x1000/seed_51/reactive_r_seed51_20260815T190013Z,/home/sun/dev/emergence_lab/experiments/results/ablation_c0r_100x1000/seed_51/metrics.csv
52,random,1000.0,0.0,0.0,10.0,7.0,0.0,0.678,44.696081349206345,2.3195138062752116,89.0,89.0,,0.0,0.0,0.0,0.0,0.0,/home/sun/dev/emergence_lab/experiments/results/ablation_c0r_100x1000/seed_52/random_seed52_20260815T190014Z,/home/sun/dev/emergence_lab/experiments/results/ablation_c0r_100x1000/seed_52/metrics.csv
52,random_r,1000.0,0.0,0.0,10.0,7.0,0.0,0.678,44.696081349206345,2.3195138062752116,89.0,89.0,,0.0,0.0,0.0,0.0,0.0,/home/sun/dev/emergence_lab/experiments/results/ablation_c0r_100x1000/seed_52/random_r_seed52_20260815T190014Z,/home/sun/dev/emergence_lab/experiments/results/ablation_c0r_100x1000/seed_52/metrics.csv
52,reactive_r,1000.0,10.0,33.0,33.0,479.0,794.0,8.061,72.52326053391053,2.3155136875954634,,1000.0,95.0,8.0,1.0,1.0,1.0,0.0,/home/sun/dev/emergence_lab/experiments/results/ablation_c0r_100x1000/seed_52/reactive_r_seed52_20260815T190014Z,/home/sun/dev/emergence_lab/experiments/results/ablation_c0r_100x1000/seed_52/metrics.csv
53,random,1000.0,0.0,0.0,10.0,8.0,0.0,0.682,41.26221382783883,2.321600439425637,105.0,105.0,,0.0,0.0,0.0,0.0,0.0,/home/sun/dev/emergence_lab/experiments/results/ablation_c0r_100x1000/seed_53/random_seed53_20260815T190015Z,/home/sun/dev/emergence_lab/experiments/results/ablation_c0r_100x1000/seed_53/metrics.csv
53,random_r,1000.0,0.0,0.0,10.0,8.0,0.0,0.682,41.26221382783883,2.321600439425637,105.0,105.0,,0.0,0.0,0.0,0.0,0.0,/home/sun/dev/emergence_lab/experiments/results/ablation_c0r_100x1000/seed_53/random_r_seed53_20260815T190015Z,/home/sun/dev/emergence_lab/experiments/results/ablation_c0r_100x1000/seed_53/metrics.csv
53,reactive_r,1000.0,11.0,53.0,52.0,675.0,849.0,11.321,75.06814273781774,2.315663615865499,,1000.0,7.0,8.0,4.0,1.0,1.0,0.0,/home/sun/dev/emergence_lab/experiments/results/ablation_c0r_100x1000/seed_53/reactive_r_seed53_20260815T190015Z,/home/sun/dev/emergence_lab/experiments/results/ablation_c0r_100x1000/seed_53/metrics.csv
54,random,1000.0,0.0,0.0,10.0,5.0,0.0,0.618,44.94471153846154,2.306350243946892,105.0,105.0,,0.0,0.0,0.0,0.0,0.0,/home/sun/dev/emergence_lab/experiments/results/ablation_c0r_100x1000/seed_54/random_seed54_20260815T190015Z,/home/sun/dev/emergence_lab/experiments/results/ablation_c0r_100x1000/seed_54/metrics.csv
54,random_r,1000.0,0.0,0.0,10.0,5.0,0.0,0.618,44.94471153846154,2.306350243946892,105.0,105.0,,0.0,0.0,0.0,0.0,0.0,/home/sun/dev/emergence_lab/experiments/results/ablation_c0r_100x1000/seed_54/random_r_seed54_20260815T190015Z,/home/sun/dev/emergence_lab/experiments/results/ablation_c0r_100x1000/seed_54/metrics.csv
54,reactive_r,1000.0,5.0,33.0,38.0,497.0,341.0,8.543,73.41905891053392,2.3142508580032577,,1000.0,18.0,8.0,3.0,1.0,1.0,0.0,/home/sun/dev/emergence_lab/experiments/results/ablation_c0r_100x1000/seed_54/reactive_r_seed54_20260815T190015Z,/home/sun/dev/emergence_lab/experiments/results/ablation_c0r_100x1000/seed_54/metrics.csv
55,random,1000.0,0.0,0.0,10.0,13.0,0.0,0.781,51.35036075036075,2.3155349661564117,155.0,155.0,,0.0,0.0,0.0,0.0,0.0,/home/sun/dev/emergence_lab/experiments/results/ablation_c0r_100x1000/seed_55/random_seed55_20260815T190016Z,/home/sun/dev/emergence_lab/experiments/results/ablation_c0r_100x1000/seed_55/metrics.csv
55,random_r,1000.0,0.0,1.0,11.0,13.0,0.0,0.78,41.11295801148742,2.3152451676466517,103.0,103.0,4.0,1.0,1.0,0.0,1.0,0.0,/home/sun/dev/emergence_lab/experiments/results/ablation_c0r_100x1000/seed_55/random_r_seed55_20260815T190016Z,/home/sun/dev/emergence_lab/experiments/results/ablation_c0r_100x1000/seed_55/metrics.csv
55,reactive_r,1000.0,10.0,70.0,70.0,704.0,711.0,11.869,71.39914296259296,2.3136196515027434,,1000.0,3.0,10.0,5.0,1.0,1.0,0.0,/home/sun/dev/emergence_lab/experiments/results/ablation_c0r_100x1000/seed_55/reactive_r_seed55_20260815T190016Z,/home/sun/dev/emergence_lab/experiments/results/ablation_c0r_100x1000/seed_55/metrics.csv
56,random,1000.0,0.0,0.0,10.0,8.0,0.0,0.677,44.731942804670076,2.3192836081421744,122.0,122.0,,0.0,0.0,0.0,0.0,0.0,/home/sun/dev/emergence_lab/experiments/results/ablation_c0r_100x1000/seed_56/random_seed56_20260815T190017Z,/home/sun/dev/emergence_lab/experiments/results/ablation_c0r_100x1000/seed_56/metrics.csv
56,random_r,1000.0,0.0,0.0,10.0,8.0,0.0,0.677,44.731942804670076,2.3192836081421744,122.0,122.0,,0.0,0.0,0.0,0.0,0.0,/home/sun/dev/emergence_lab/experiments/results/ablation_c0r_100x1000/seed_56/random_r_seed56_20260815T190017Z,/home/sun/dev/emergence_lab/experiments/results/ablation_c0r_100x1000/seed_56/metrics.csv
56,reactive_r,1000.0,8.0,31.0,33.0,393.0,624.0,6.706,69.34583654401155,2.31551644757401,,1000.0,3.0,8.0,2.0,1.0,1.0,0.0,/home/sun/dev/emergence_lab/experiments/results/ablation_c0r_100x1000/seed_56/reactive_r_seed56_20260815T190017Z,/home/sun/dev/emergence_lab/experiments/results/ablation_c0r_100x1000/seed_56/metrics.csv
57,random,1000.0,0.0,0.0,10.0,7.0,0.0,0.662,46.40809061488674,2.313126223349772,104.0,104.0,,0.0,0.0,0.0,0.0,0.0,/home/sun/dev/emergence_lab/experiments/results/ablation_c0r_100x1000/seed_57/random_seed57_20260815T190017Z,/home/sun/dev/emergence_lab/experiments/results/ablation_c0r_100x1000/seed_57/metrics.csv
57,random_r,1000.0,0.0,0.0,10.0,7.0,0.0,0.662,46.40809061488674,2.313126223349772,104.0,104.0,,0.0,0.0,0.0,0.0,0.0,/home/sun/dev/emergence_lab/experiments/results/ablation_c0r_100x1000/seed_57/random_r_seed57_20260815T190017Z,/home/sun/dev/emergence_lab/experiments/results/ablation_c0r_100x1000/seed_57/metrics.csv
57,reactive_r,1000.0,7.0,25.0,28.0,461.0,521.0,7.842,71.61238683261183,2.3142231143231564,,1000.0,1.0,9.0,5.0,1.0,1.0,0.0,/home/sun/dev/emergence_lab/experiments/results/ablation_c0r_100x1000/seed_57/reactive_r_seed57_20260815T190017Z,/home/sun/dev/emergence_lab/experiments/results/ablation_c0r_100x1000/seed_57/metrics.csv
58,random,1000.0,0.0,0.0,10.0,7.0,0.0,0.68,40.65909577314071,2.3131918221577243,90.0,90.0,,0.0,0.0,0.0,0.0,0.0,/home/sun/dev/emergence_lab/experiments/results/ablation_c0r_100x1000/seed_58/random_seed58_20260815T190018Z,/home/sun/dev/emergence_lab/experiments/results/ablation_c0r_100x1000/seed_58/metrics.csv
58,random_r,1000.0,0.0,0.0,10.0,7.0,0.0,0.68,40.65909577314071,2.3131918221577243,90.0,90.0,,0.0,0.0,0.0,0.0,0.0,/home/sun/dev/emergence_lab/experiments/results/ablation_c0r_100x1000/seed_58/random_r_seed58_20260815T190018Z,/home/sun/dev/emergence_lab/experiments/results/ablation_c0r_100x1000/seed_58/metrics.csv
58,reactive_r,1000.0,15.0,48.0,43.0,483.0,962.0,8.008,73.86438531468532,2.3158112950630154,,1000.0,28.0,10.0,5.0,1.0,1.0,0.0,/home/sun/dev/emergence_lab/experiments/results/ablation_c0r_100x1000/seed_58/reactive_r_seed58_20260815T190018Z,/home/sun/dev/emergence_lab/experiments/results/ablation_c0r_100x1000/seed_58/metrics.csv
59,random,1000.0,0.0,0.0,10.0,4.0,0.0,0.614,36.09342991913746,2.3188888736703084,107.0,107.0,,0.0,0.0,0.0,0.0,0.0,/home/sun/dev/emergence_lab/experiments/results/ablation_c0r_100x1000/seed_59/random_seed59_20260815T190019Z,/home/sun/dev/emergence_lab/experiments/results/ablation_c0r_100x1000/seed_59/metrics.csv
59,random_r,1000.0,0.0,0.0,10.0,4.0,0.0,0.614,36.09342991913746,2.3188888736703084,107.0,107.0,,0.0,0.0,0.0,0.0,0.0,/home/sun/dev/emergence_lab/experiments/results/ablation_c0r_100x1000/seed_59/random_r_seed59_20260815T190019Z,/home/sun/dev/emergence_lab/experiments/results/ablation_c0r_100x1000/seed_59/metrics.csv
59,reactive_r,1000.0,0.0,0.0,10.0,22.0,0.0,0.907,55.13359325396826,2.3183048364614325,201.0,201.0,,0.0,0.0,0.0,0.0,0.0,/home/sun/dev/emergence_lab/experiments/results/ablation_c0r_100x1000/seed_59/reactive_r_seed59_20260815T190019Z,/home/sun/dev/emergence_lab/experiments/results/ablation_c0r_100x1000/seed_59/metrics.csv
60,random,1000.0,0.0,0.0,10.0,3.0,0.0,0.608,41.34975922953451,2.3197398763557238,90.0,90.0,,0.0,0.0,0.0,0.0,0.0,/home/sun/dev/emergence_lab/experiments/results/ablation_c0r_100x1000/seed_60/random_seed60_20260815T190019Z,/home/sun/dev/emergence_lab/experiments/results/ablation_c0r_100x1000/seed_60/metrics.csv
60,random_r,1000.0,0.0,0.0,10.0,3.0,0.0,0.608,41.34975922953451,2.3197398763557238,90.0,90.0,,0.0,0.0,0.0,0.0,0.0,/home/sun/dev/emergence_lab/experiments/results/ablation_c0r_100x1000/seed_60/random_r_seed60_20260815T190019Z,/home/sun/dev/emergence_lab/experiments/results/ablation_c0r_100x1000/seed_60/metrics.csv
60,reactive_r,1000.0,14.0,44.0,40.0,619.0,997.0,10.248,76.8923636058386,2.315212799975516,,1000.0,24.0,10.0,4.0,1.0,1.0,0.0,/home/sun/dev/emergence_lab/experiments/results/ablation_c0r_100x1000/seed_60/reactive_r_seed60_20260815T190019Z,/home/sun/dev/emergence_lab/experiments/results/ablation_c0r_100x1000/seed_60/metrics.csv
61,random,1000.0,0.0,0.0,10.0,3.0,0.0,0.609,47.40084656084656,2.319210159695716,106.0,106.0,,0.0,0.0,0.0,0.0,0.0,/home/sun/dev/emergence_lab/experiments/results/ablation_c0r_100x1000/seed_61/random_seed61_20260815T190019Z,/home/sun/dev/emergence_lab/experiments/results/ablation_c0r_100x1000/seed_61/metrics.csv
61,random_r,1000.0,0.0,0.0,10.0,3.0,0.0,0.609,47.40084656084656,2.319210159695716,106.0,106.0,,0.0,0.0,0.0,0.0,0.0,/home/sun/dev/emergence_lab/experiments/results/ablation_c0r_100x1000/seed_61/random_r_seed61_20260815T190020Z,/home/sun/dev/emergence_lab/experiments/results/ablation_c0r_100x1000/seed_61/metrics.csv
61,reactive_r,1000.0,10.0,55.0,55.0,651.0,609.0,11.055,68.12605915473416,2.3182221579668196,,1000.0,4.0,9.0,5.0,1.0,1.0,0.0,/home/sun/dev/emergence_lab/experiments/results/ablation_c0r_100x1000/seed_61/reactive_r_seed61_20260815T190020Z,/home/sun/dev/emergence_lab/experiments/results/ablation_c0r_100x1000/seed_61/metrics.csv
62,random,1000.0,0.0,0.0,10.0,7.0,0.0,0.667,41.574024943310654,2.3206364084035007,106.0,106.0,,0.0,0.0,0.0,0.0,0.0,/home/sun/dev/emergence_lab/experiments/results/ablation_c0r_100x1000/seed_62/random_seed62_20260815T190020Z,/home/sun/dev/emergence_lab/experiments/results/ablation_c0r_100x1000/seed_62/metrics.csv
62,random_r,1000.0,0.0,0.0,10.0,7.0,0.0,0.667,41.574024943310654,2.3206364084035007,106.0,106.0,,0.0,0.0,0.0,0.0,0.0,/home/sun/dev/emergence_lab/experiments/results/ablation_c0r_100x1000/seed_62/random_r_seed62_20260815T190020Z,/home/sun/dev/emergence_lab/experiments/results/ablation_c0r_100x1000/seed_62/metrics.csv
62,reactive_r,1000.0,6.0,31.0,35.0,520.0,361.0,8.924,73.6740142995893,2.3169173376077143,,1000.0,4.0,4.0,4.0,1.0,1.0,0.0,/home/sun/dev/emergence_lab/experiments/results/ablation_c0r_100x1000/seed_62/reactive_r_seed62_20260815T190020Z,/home/sun/dev/emergence_lab/experiments/results/ablation_c0r_100x1000/seed_62/metrics.csv
63,random,1000.0,0.0,0.0,10.0,13.0,0.0,0.758,46.03251967453648,2.320273686782011,120.0,120.0,,0.0,0.0,0.0,0.0,0.0,/home/sun/dev/emergence_lab/experiments/results/ablation_c0r_100x1000/seed_63/random_seed63_20260815T190021Z,/home/sun/dev/emergence_lab/experiments/results/ablation_c0r_100x1000/seed_63/metrics.csv
63,random_r,1000.0,0.0,0.0,10.0,13.0,0.0,0.758,46.03251967453648,2.320273686782011,120.0,120.0,,0.0,0.0,0.0,0.0,0.0,/home/sun/dev/emergence_lab/experiments/results/ablation_c0r_100x1000/seed_63/random_r_seed63_20260815T190021Z,/home/sun/dev/emergence_lab/experiments/results/ablation_c0r_100x1000/seed_63/metrics.csv
63,reactive_r,1000.0,11.0,35.0,34.0,530.0,721.0,8.912,74.92029341769341,2.316149488670195,,1000.0,1.0,6.0,5.0,1.0,1.0,0.0,/home/sun/dev/emergence_lab/experiments/results/ablation_c0r_100x1000/seed_63/reactive_r_seed63_20260815T190021Z,/home/sun/dev/emergence_lab/experiments/results/ablation_c0r_100x1000/seed_63/metrics.csv
64,random,1000.0,0.0,0.0,10.0,7.0,0.0,0.667,42.63554088301987,2.3205022390962653,120.0,120.0,,0.0,0.0,0.0,0.0,0.0,/home/sun/dev/emergence_lab/experiments/results/ablation_c0r_100x1000/seed_64/random_seed64_20260815T190022Z,/home/sun/dev/emergence_lab/experiments/results/ablation_c0r_100x1000/seed_64/metrics.csv
64,random_r,1000.0,0.0,0.0,10.0,7.0,0.0,0.667,42.63554088301987,2.3205022390962653,120.0,120.0,,0.0,0.0,0.0,0.0,0.0,/home/sun/dev/emergence_lab/experiments/results/ablation_c0r_100x1000/seed_64/random_r_seed64_20260815T190022Z,/home/sun/dev/emergence_lab/experiments/results/ablation_c0r_100x1000/seed_64/metrics.csv
64,reactive_r,1000.0,6.0,37.0,41.0,419.0,402.0,7.279,73.13135964868465,2.3152033461038743,,1000.0,2.0,6.0,3.0,1.0,1.0,0.0,/home/sun/dev/emergence_lab/experiments/results/ablation_c0r_100x1000/seed_64/reactive_r_seed64_20260815T190022Z,/home/sun/dev/emergence_lab/experiments/results/ablation_c0r_100x1000/seed_64/metrics.csv
65,random,1000.0,0.0,0.0,10.0,5.0,0.0,0.651,41.62200655624569,2.3040235263424687,93.0,93.0,,0.0,0.0,0.0,0.0,0.0,/home/sun/dev/emergence_lab/experiments/results/ablation_c0r_100x1000/seed_65/random_seed65_20260815T190022Z,/home/sun/dev/emergence_lab/experiments/results/ablation_c0r_100x1000/seed_65/metrics.csv
65,random_r,1000.0,0.0,0.0,10.0,5.0,0.0,0.651,41.62200655624569,2.3040235263424687,93.0,93.0,,0.0,0.0,0.0,0.0,0.0,/home/sun/dev/emergence_lab/experiments/results/ablation_c0r_100x1000/seed_65/random_r_seed65_20260815T190022Z,/home/sun/dev/emergence_lab/experiments/results/ablation_c0r_100x1000/seed_65/metrics.csv
65,reactive_r,1000.0,11.0,52.0,51.0,645.0,603.0,10.918,69.81086777111777,2.3145276727030377,,1000.0,3.0,10.0,3.0,1.0,1.0,0.0,/home/sun/dev/emergence_lab/experiments/results/ablation_c0r_100x1000/seed_65/reactive_r_seed65_20260815T190022Z,/home/sun/dev/emergence_lab/experiments/results/ablation_c0r_100x1000/seed_65/metrics.csv
66,random,1000.0,0.0,0.0,10.0,8.0,0.0,0.687,43.06810224089636,2.3156281199327378,137.0,137.0,,0.0,0.0,0.0,0.0,0.0,/home/sun/dev/emergence_lab/experiments/results/ablation_c0r_100x1000/seed_66/random_seed66_20260815T190023Z,/home/sun/dev/emergence_lab/experiments/results/ablation_c0r_100x1000/seed_66/metrics.csv
66,random_r,1000.0,0.0,0.0,10.0,8.0,0.0,0.687,43.06810224089636,2.3156281199327378,137.0,137.0,,0.0,0.0,0.0,0.0,0.0,/home/sun/dev/emergence_lab/experiments/results/ablation_c0r_100x1000/seed_66/random_r_seed66_20260815T190023Z,/home/sun/dev/emergence_lab/experiments/results/ablation_c0r_100x1000/seed_66/metrics.csv
66,reactive_r,1000.0,4.0,38.0,44.0,540.0,299.0,9.332,71.70580082140081,2.316850295644067,,1000.0,9.0,5.0,5.0,1.0,1.0,0.0,/home/sun/dev/emergence_lab/experiments/results/ablation_c0r_100x1000/seed_66/reactive_r_seed66_20260815T190023Z,/home/sun/dev/emergence_lab/experiments/results/ablation_c0r_100x1000/seed_66/metrics.csv
67,random,1000.0,0.0,0.0,10.0,9.0,0.0,0.705,42.63567493112948,2.3205143360791123,122.0,122.0,,0.0,0.0,0.0,0.0,0.0,/home/sun/dev/emergence_lab/experiments/results/ablation_c0r_100x1000/seed_67/random_seed67_20260815T190024Z,/home/sun/dev/emergence_lab/experiments/results/ablation_c0r_100x1000/seed_67/metrics.csv
67,random_r,1000.0,0.0,0.0,10.0,9.0,0.0,0.705,42.63567493112948,2.3205143360791123,122.0,122.0,,0.0,0.0,0.0,0.0,0.0,/home/sun/dev/emergence_lab/experiments/results/ablation_c0r_100x1000/seed_67/random_r_seed67_20260815T190024Z,/home/sun/dev/emergence_lab/experiments/results/ablation_c0r_100x1000/seed_67/metrics.csv
67,reactive_r,1000.0,6.0,41.0,45.0,574.0,420.0,9.852,73.33211702741703,2.3172609917777067,,1000.0,3.0,6.0,6.0,1.0,1.0,0.0,/home/sun/dev/emergence_lab/experiments/results/ablation_c0r_100x1000/seed_67/reactive_r_seed67_20260815T190024Z,/home/sun/dev/emergence_lab/experiments/results/ablation_c0r_100x1000/seed_67/metrics.csv
68,random,1000.0,0.0,0.0,10.0,9.0,0.0,0.7,41.26501386962552,2.314402878049009,104.0,104.0,,0.0,0.0,0.0,0.0,0.0,/home/sun/dev/emergence_lab/experiments/results/ablation_c0r_100x1000/seed_68/random_seed68_20260815T190024Z,/home/sun/dev/emergence_lab/experiments/results/ablation_c0r_100x1000/seed_68/metrics.csv
68,random_r,1000.0,0.0,0.0,10.0,9.0,0.0,0.7,41.26501386962552,2.314402878049009,104.0,104.0,,0.0,0.0,0.0,0.0,0.0,/home/sun/dev/emergence_lab/experiments/results/ablation_c0r_100x1000/seed_68/random_r_seed68_20260815T190024Z,/home/sun/dev/emergence_lab/experiments/results/ablation_c0r_100x1000/seed_68/metrics.csv
68,reactive_r,1000.0,6.0,35.0,39.0,495.0,509.0,8.494,72.2161193944944,2.3166629947235498,,1000.0,2.0,7.0,3.0,1.0,1.0,0.0,/home/sun/dev/emergence_lab/experiments/results/ablation_c0r_100x1000/seed_68/reactive_r_seed68_20260815T190024Z,/home/sun/dev/emergence_lab/experiments/results/ablation_c0r_100x1000/seed_68/metrics.csv
69,random,1000.0,0.0,0.0,10.0,5.0,0.0,0.637,43.053222222222225,2.3178383198263375,76.0,76.0,,0.0,0.0,0.0,0.0,0.0,/home/sun/dev/emergence_lab/experiments/results/ablation_c0r_100x1000/seed_69/random_seed69_20260815T190025Z,/home/sun/dev/emergence_lab/experiments/results/ablation_c0r_100x1000/seed_69/metrics.csv
69,random_r,1000.0,0.0,0.0,10.0,5.0,0.0,0.637,43.053222222222225,2.3178383198263375,76.0,76.0,,0.0,0.0,0.0,0.0,0.0,/home/sun/dev/emergence_lab/experiments/results/ablation_c0r_100x1000/seed_69/random_r_seed69_20260815T190025Z,/home/sun/dev/emergence_lab/experiments/results/ablation_c0r_100x1000/seed_69/metrics.csv
69,reactive_r,1000.0,8.0,32.0,34.0,497.0,542.0,8.402,71.7136170995671,2.310792825694801,,1000.0,17.0,6.0,4.0,1.0,1.0,0.0,/home/sun/dev/emergence_lab/experiments/results/ablation_c0r_100x1000/seed_69/reactive_r_seed69_20260815T190025Z,/home/sun/dev/emergence_lab/experiments/results/ablation_c0r_100x1000/seed_69/metrics.csv
70,random,1000.0,0.0,0.0,10.0,8.0,0.0,0.681,47.60268817204301,2.321110788308425,125.0,125.0,,0.0,0.0,0.0,0.0,0.0,/home/sun/dev/emergence_lab/experiments/results/ablation_c0r_100x1000/seed_70/random_seed70_20260815T190026Z,/home/sun/dev/emergence_lab/experiments/results/ablation_c0r_100x1000/seed_70/metrics.csv
70,random_r,1000.0,0.0,0.0,10.0,8.0,0.0,0.681,47.60268817204301,2.321110788308425,125.0,125.0,,0.0,0.0,0.0,0.0,0.0,/home/sun/dev/emergence_lab/experiments/results/ablation_c0r_100x1000/seed_70/random_r_seed70_20260815T190026Z,/home/sun/dev/emergence_lab/experiments/results/ablation_c0r_100x1000/seed_70/metrics.csv
70,reactive_r,1000.0,7.0,39.0,42.0,586.0,532.0,9.975,73.74624676157177,2.3172295563059917,,1000.0,3.0,7.0,6.0,1.0,1.0,0.0,/home/sun/dev/emergence_lab/experiments/results/ablation_c0r_100x1000/seed_70/reactive_r_seed70_20260815T190026Z,/home/sun/dev/emergence_lab/experiments/results/ablation_c0r_100x1000/seed_70/metrics.csv
71,random,1000.0,0.0,0.0,10.0,5.0,0.0,0.633,44.12156862745098,2.315599480442652,86.0,86.0,,0.0,0.0,0.0,0.0,0.0,/home/sun/dev/emergence_lab/experiments/results/ablation_c0r_100x1000/seed_71/random_seed71_20260815T190026Z,/home/sun/dev/emergence_lab/experiments/results/ablation_c0r_100x1000/seed_71/metrics.csv
71,random_r,1000.0,0.0,0.0,10.0,5.0,0.0,0.633,44.12156862745098,2.315599480442652,86.0,86.0,,0.0,0.0,0.0,0.0,0.0,/home/sun/dev/emergence_lab/experiments/results/ablation_c0r_100x1000/seed_71/random_r_seed71_20260815T190026Z,/home/sun/dev/emergence_lab/experiments/results/ablation_c0r_100x1000/seed_71/metrics.csv
71,reactive_r,1000.0,2.0,14.0,22.0,265.0,100.0,4.868,69.31636583694083,2.3181498318311164,,1000.0,1.0,6.0,2.0,1.0,1.0,0.0,/home/sun/dev/emergence_lab/experiments/results/ablation_c0r_100x1000/seed_71/reactive_r_seed71_20260815T190026Z,/home/sun/dev/emergence_lab/experiments/results/ablation_c0r_100x1000/seed_71/metrics.csv
72,random,1000.0,0.0,0.0,10.0,5.0,0.0,0.635,41.93087212413055,2.3114246892911994,90.0,90.0,,0.0,0.0,0.0,0.0,0.0,/home/sun/dev/emergence_lab/experiments/results/ablation_c0r_100x1000/seed_72/random_seed72_20260815T190027Z,/home/sun/dev/emergence_lab/experiments/results/ablation_c0r_100x1000/seed_72/metrics.csv
72,random_r,1000.0,0.0,0.0,10.0,5.0,0.0,0.635,41.93087212413055,2.3114246892911994,90.0,90.0,,0.0,0.0,0.0,0.0,0.0,/home/sun/dev/emergence_lab/experiments/results/ablation_c0r_100x1000/seed_72/random_r_seed72_20260815T190027Z,/home/sun/dev/emergence_lab/experiments/results/ablation_c0r_100x1000/seed_72/metrics.csv
72,reactive_r,1000.0,0.0,1.0,11.0,53.0,0.0,1.427,69.50759291378183,2.3191730407305737,308.0,308.0,38.0,1.0,1.0,0.0,1.0,0.0,/home/sun/dev/emergence_lab/experiments/results/ablation_c0r_100x1000/seed_72/reactive_r_seed72_20260815T190027Z,/home/sun/dev/emergence_lab/experiments/results/ablation_c0r_100x1000/seed_72/metrics.csv
73,random,1000.0,0.0,0.0,10.0,10.0,0.0,0.724,44.82196800595238,2.3180117888827447,129.0,129.0,,0.0,0.0,0.0,0.0,0.0,/home/sun/dev/emergence_lab/experiments/results/ablation_c0r_100x1000/seed_73/random_seed73_20260815T190027Z,/home/sun/dev/emergence_lab/experiments/results/ablation_c0r_100x1000/seed_73/metrics.csv
73,random_r,1000.0,0.0,0.0,10.0,10.0,0.0,0.724,44.82196800595238,2.3180117888827447,129.0,129.0,,0.0,0.0,0.0,0.0,0.0,/home/sun/dev/emergence_lab/experiments/results/ablation_c0r_100x1000/seed_73/random_r_seed73_20260815T190027Z,/home/sun/dev/emergence_lab/experiments/results/ablation_c0r_100x1000/seed_73/metrics.csv
73,reactive_r,1000.0,12.0,51.0,49.0,722.0,848.0,12.059,74.71029710705962,2.316832043723175,,1000.0,8.0,6.0,5.0,1.0,1.0,0.0,/home/sun/dev/emergence_lab/experiments/results/ablation_c0r_100x1000/seed_73/reactive_r_seed73_20260815T190027Z,/home/sun/dev/emergence_lab/experiments/results/ablation_c0r_100x1000/seed_73/metrics.csv
74,random,1000.0,0.0,0.0,10.0,5.0,0.0,0.623,40.00808201058201,2.3102803621892836,91.0,91.0,,0.0,0.0,0.0,0.0,0.0,/home/sun/dev/emergence_lab/experiments/results/ablation_c0r_100x1000/seed_74/random_seed74_20260815T190028Z,/home/sun/dev/emergence_lab/experiments/results/ablation_c0r_100x1000/seed_74/metrics.csv
74,random_r,1000.0,0.0,0.0,10.0,5.0,0.0,0.623,40.00808201058201,2.3102803621892836,91.0,91.0,,0.0,0.0,0.0,0.0,0.0,/home/sun/dev/emergence_lab/experiments/results/ablation_c0r_100x1000/seed_74/random_r_seed74_20260815T190028Z,/home/sun/dev/emergence_lab/experiments/results/ablation_c0r_100x1000/seed_74/metrics.csv
74,reactive_r,1000.0,13.0,55.0,52.0,652.0,915.0,10.857,71.80744684204684,2.313138344564379,,1000.0,2.0,10.0,4.0,1.0,1.0,0.0,/home/sun/dev/emergence_lab/experiments/results/ablation_c0r_100x1000/seed_74/reactive_r_seed74_20260815T190028Z,/home/sun/dev/emergence_lab/experiments/results/ablation_c0r_100x1000/seed_74/metrics.csv
75,random,1000.0,0.0,0.0,10.0,3.0,0.0,0.602,43.13358338769298,2.3207908502224694,74.0,74.0,,0.0,0.0,0.0,0.0,0.0,/home/sun/dev/emergence_lab/experiments/results/ablation_c0r_100x1000/seed_75/random_seed75_20260815T190029Z,/home/sun/dev/emergence_lab/experiments/results/ablation_c0r_100x1000/seed_75/metrics.csv
75,random_r,1000.0,0.0,0.0,10.0,3.0,0.0,0.602,43.13358338769298,2.3207908502224694,74.0,74.0,,0.0,0.0,0.0,0.0,0.0,/home/sun/dev/emergence_lab/experiments/results/ablation_c0r_100x1000/seed_75/random_r_seed75_20260815T190029Z,/home/sun/dev/emergence_lab/experiments/results/ablation_c0r_100x1000/seed_75/metrics.csv
75,reactive_r,1000.0,11.0,35.0,34.0,457.0,933.0,7.599,75.18734675324674,2.3155014125713103,,1000.0,13.0,6.0,3.0,1.0,1.0,0.0,/home/sun/dev/emergence_lab/experiments/results/ablation_c0r_100x1000/seed_75/reactive_r_seed75_20260815T190029Z,/home/sun/dev/emergence_lab/experiments/results/ablation_c0r_100x1000/seed_75/metrics.csv
76,random,1000.0,0.0,0.0,10.0,4.0,0.0,0.624,45.165333333333336,2.317674912605407,76.0,76.0,,0.0,0.0,0.0,0.0,0.0,/home/sun/dev/emergence_lab/experiments/results/ablation_c0r_100x1000/seed_76/random_seed76_20260815T190029Z,/home/sun/dev/emergence_lab/experiments/results/ablation_c0r_100x1000/seed_76/metrics.csv
76,random_r,1000.0,0.0,0.0,10.0,4.0,0.0,0.624,45.165333333333336,2.317674912605407,76.0,76.0,,0.0,0.0,0.0,0.0,0.0,/home/sun/dev/emergence_lab/experiments/results/ablation_c0r_100x1000/seed_76/random_r_seed76_20260815T190029Z,/home/sun/dev/emergence_lab/experiments/results/ablation_c0r_100x1000/seed_76/metrics.csv
76,reactive_r,1000.0,5.0,33.0,38.0,532.0,454.0,9.071,70.08160687368186,2.3134940614238975,,1000.0,20.0,6.0,4.0,1.0,1.0,0.0,/home/sun/dev/emergence_lab/experiments/results/ablation_c0r_100x1000/seed_76/reactive_r_seed76_20260815T190029Z,/home/sun/dev/emergence_lab/experiments/results/ablation_c0r_100x1000/seed_76/metrics.csv
77,random,1000.0,0.0,0.0,10.0,6.0,0.0,0.672,42.840368357487925,2.308008044912048,93.0,93.0,,0.0,0.0,0.0,0.0,0.0,/home/sun/dev/emergence_lab/experiments/results/ablation_c0r_100x1000/seed_77/random_seed77_20260815T190030Z,/home/sun/dev/emergence_lab/experiments/results/ablation_c0r_100x1000/seed_77/metrics.csv
77,random_r,1000.0,0.0,0.0,10.0,6.0,0.0,0.672,42.840368357487925,2.308008044912048,93.0,93.0,,0.0,0.0,0.0,0.0,0.0,/home/sun/dev/emergence_lab/experiments/results/ablation_c0r_100x1000/seed_77/random_r_seed77_20260815T190030Z,/home/sun/dev/emergence_lab/experiments/results/ablation_c0r_100x1000/seed_77/metrics.csv
77,reactive_r,1000.0,9.0,41.0,42.0,563.0,735.0,9.482,74.12409414474415,2.3166278494713426,,1000.0,22.0,8.0,5.0,1.0,1.0,0.0,/home/sun/dev/emergence_lab/experiments/results/ablation_c0r_100x1000/seed_77/reactive_r_seed77_20260815T190030Z,/home/sun/dev/emergence_lab/experiments/results/ablation_c0r_100x1000/seed_77/metrics.csv
78,random,1000.0,0.0,0.0,10.0,4.0,0.0,0.618,41.42869352869353,2.316696099124057,92.0,92.0,,0.0,0.0,0.0,0.0,0.0,/home/sun/dev/emergence_lab/experiments/results/ablation_c0r_100x1000/seed_78/random_seed78_20260815T190031Z,/home/sun/dev/emergence_lab/experiments/results/ablation_c0r_100x1000/seed_78/metrics.csv
78,random_r,1000.0,0.0,0.0,10.0,4.0,0.0,0.618,41.42869352869353,2.316696099124057,92.0,92.0,,0.0,0.0,0.0,0.0,0.0,/home/sun/dev/emergence_lab/experiments/results/ablation_c0r_100x1000/seed_78/random_r_seed78_20260815T190031Z,/home/sun/dev/emergence_lab/experiments/results/ablation_c0r_100x1000/seed_78/metrics.csv
78,reactive_r,1000.0,8.0,32.0,34.0,427.0,588.0,7.296,71.476960003885,2.318636912792225,,1000.0,18.0,5.0,4.0,1.0,1.0,0.0,/home/sun/dev/emergence_lab/experiments/results/ablation_c0r_100x1000/seed_78/reactive_r_seed78_20260815T190031Z,/home/sun/dev/emergence_lab/experiments/results/ablation_c0r_100x1000/seed_78/metrics.csv
79,random,1000.0,0.0,0.0,10.0,5.0,0.0,0.639,41.09697971781305,2.306469735524524,91.0,91.0,,0.0,0.0,0.0,0.0,0.0,/home/sun/dev/emergence_lab/experiments/results/ablation_c0r_100x1000/seed_79/random_seed79_20260815T190031Z,/home/sun/dev/emergence_lab/experiments/results/ablation_c0r_100x1000/seed_79/metrics.csv
79,random_r,1000.0,0.0,0.0,10.0,5.0,0.0,0.639,41.09697971781305,2.306469735524524,91.0,91.0,,0.0,0.0,0.0,0.0,0.0,/home/sun/dev/emergence_lab/experiments/results/ablation_c0r_100x1000/seed_79/random_r_seed79_20260815T190031Z,/home/sun/dev/emergence_lab/experiments/results/ablation_c0r_100x1000/seed_79/metrics.csv
79,reactive_r,1000.0,10.0,46.0,46.0,611.0,831.0,10.273,75.42771171247054,2.3180667874039527,,1000.0,19.0,11.0,6.0,1.0,1.0,0.0,/home/sun/dev/emergence_lab/experiments/results/ablation_c0r_100x1000/seed_79/reactive_r_seed79_20260815T190031Z,/home/sun/dev/emergence_lab/experiments/results/ablation_c0r_100x1000/seed_79/metrics.csv
80,random,1000.0,0.0,0.0,10.0,6.0,0.0,0.648,44.84979231568017,2.3142744767426837,108.0,108.0,,0.0,0.0,0.0,0.0,0.0,/home/sun/dev/emergence_lab/experiments/results/ablation_c0r_100x1000/seed_80/random_seed80_20260815T190032Z,/home/sun/dev/emergence_lab/experiments/results/ablation_c0r_100x1000/seed_80/metrics.csv
80,random_r,1000.0,0.0,0.0,10.0,6.0,0.0,0.648,44.84979231568017,2.3142744767426837,108.0,108.0,,0.0,0.0,0.0,0.0,0.0,/home/sun/dev/emergence_lab/experiments/results/ablation_c0r_100x1000/seed_80/random_r_seed80_20260815T190032Z,/home/sun/dev/emergence_lab/experiments/results/ablation_c0r_100x1000/seed_80/metrics.csv
80,reactive_r,1000.0,14.0,58.0,54.0,718.0,962.0,11.964,72.69203757476184,2.316432965776305,,1000.0,13.0,8.0,8.0,1.0,1.0,0.0,/home/sun/dev/emergence_lab/experiments/results/ablation_c0r_100x1000/seed_80/reactive_r_seed80_20260815T190032Z,/home/sun/dev/emergence_lab/experiments/results/ablation_c0r_100x1000/seed_80/metrics.csv
81,random,1000.0,0.0,0.0,10.0,8.0,0.0,0.685,41.103648509763616,2.316951336345902,140.0,140.0,,0.0,0.0,0.0,0.0,0.0,/home/sun/dev/emergence_lab/experiments/results/ablation_c0r_100x1000/seed_81/random_seed81_20260815T190033Z,/home/sun/dev/emergence_lab/experiments/results/ablation_c0r_100x1000/seed_81/metrics.csv
81,random_r,1000.0,0.0,0.0,10.0,8.0,0.0,0.685,41.103648509763616,2.316951336345902,140.0,140.0,,0.0,0.0,0.0,0.0,0.0,/home/sun/dev/emergence_lab/experiments/results/ablation_c0r_100x1000/seed_81/random_r_seed81_20260815T190033Z,/home/sun/dev/emergence_lab/experiments/results/ablation_c0r_100x1000/seed_81/metrics.csv
81,reactive_r,1000.0,8.0,31.0,33.0,422.0,564.0,7.196,74.19286746031746,2.316587147843633,,1000.0,29.0,4.0,4.0,1.0,1.0,0.0,/home/sun/dev/emergence_lab/experiments/results/ablation_c0r_100x1000/seed_81/reactive_r_seed81_20260815T190033Z,/home/sun/dev/emergence_lab/experiments/results/ablation_c0r_100x1000/seed_81/metrics.csv
82,random,1000.0,0.0,0.0,10.0,5.0,0.0,0.635,42.54191919191919,2.3180301203443494,89.0,89.0,,0.0,0.0,0.0,0.0,0.0,/home/sun/dev/emergence_lab/experiments/results/ablation_c0r_100x1000/seed_82/random_seed82_20260815T190033Z,/home/sun/dev/emergence_lab/experiments/results/ablation_c0r_100x1000/seed_82/metrics.csv
82,random_r,1000.0,0.0,0.0,10.0,5.0,0.0,0.635,42.54191919191919,2.3180301203443494,89.0,89.0,,0.0,0.0,0.0,0.0,0.0,/home/sun/dev/emergence_lab/experiments/results/ablation_c0r_100x1000/seed_82/random_r_seed82_20260815T190033Z,/home/sun/dev/emergence_lab/experiments/results/ablation_c0r_100x1000/seed_82/metrics.csv
82,reactive_r,1000.0,12.0,52.0,50.0,584.0,833.0,9.747,68.74585973193473,2.315403619622758,,1000.0,45.0,9.0,3.0,1.0,1.0,0.0,/home/sun/dev/emergence_lab/experiments/results/ablation_c0r_100x1000/seed_82/reactive_r_seed82_20260815T190033Z,/home/sun/dev/emergence_lab/experiments/results/ablation_c0r_100x1000/seed_82/metrics.csv
83,random,1000.0,0.0,0.0,10.0,4.0,0.0,0.614,42.74453781512605,2.3130899792547313,103.0,103.0,,0.0,0.0,0.0,0.0,0.0,/home/sun/dev/emergence_lab/experiments/results/ablation_c0r_100x1000/seed_83/random_seed83_20260815T190034Z,/home/sun/dev/emergence_lab/experiments/results/ablation_c0r_100x1000/seed_83/metrics.csv
83,random_r,1000.0,0.0,0.0,10.0,4.0,0.0,0.614,42.74453781512605,2.3130899792547313,103.0,103.0,,0.0,0.0,0.0,0.0,0.0,/home/sun/dev/emergence_lab/experiments/results/ablation_c0r_100x1000/seed_83/random_r_seed83_20260815T190034Z,/home/sun/dev/emergence_lab/experiments/results/ablation_c0r_100x1000/seed_83/metrics.csv
83,reactive_r,1000.0,13.0,58.0,55.0,695.0,771.0,11.598,74.3660383949384,2.3139930872209162,,1000.0,32.0,10.0,3.0,1.0,1.0,0.0,/home/sun/dev/emergence_lab/experiments/results/ablation_c0r_100x1000/seed_83/reactive_r_seed83_20260815T190034Z,/home/sun/dev/emergence_lab/experiments/results/ablation_c0r_100x1000/seed_83/metrics.csv
84,random,1000.0,0.0,0.0,10.0,1.0,0.0,0.561,43.01712328767123,2.31675877209026,74.0,74.0,,0.0,0.0,0.0,0.0,0.0,/home/sun/dev/emergence_lab/experiments/results/ablation_c0r_100x1000/seed_84/random_seed84_20260815T190035Z,/home/sun/dev/emergence_lab/experiments/results/ablation_c0r_100x1000/seed_84/metrics.csv
84,random_r,1000.0,0.0,0.0,10.0,1.0,0.0,0.561,43.01712328767123,2.31675877209026,74.0,74.0,,0.0,0.0,0.0,0.0,0.0,/home/sun/dev/emergence_lab/experiments/results/ablation_c0r_100x1000/seed_84/random_r_seed84_20260815T190035Z,/home/sun/dev/emergence_lab/experiments/results/ablation_c0r_100x1000/seed_84/metrics.csv
84,reactive_r,1000.0,13.0,59.0,56.0,722.0,986.0,12.002,74.29761813186813,2.31561888165889,,1000.0,2.0,12.0,5.0,1.0,1.0,0.0,/home/sun/dev/emergence_lab/experiments/results/ablation_c0r_100x1000/seed_84/reactive_r_seed84_20260815T190035Z,/home/sun/dev/emergence_lab/experiments/results/ablation_c0r_100x1000/seed_84/metrics.csv
85,random,1000.0,0.0,0.0,10.0,4.0,0.0,0.62,43.28205128205128,2.3191155408054605,92.0,92.0,,0.0,0.0,0.0,0.0,0.0,/home/sun/dev/emergence_lab/experiments/results/ablation_c0r_100x1000/seed_85/random_seed85_20260815T190036Z,/home/sun/dev/emergence_lab/experiments/results/ablation_c0r_100x1000/seed_85/metrics.csv
85,random_r,1000.0,0.0,0.0,10.0,4.0,0.0,0.62,43.28205128205128,2.3191155408054605,92.0,92.0,,0.0,0.0,0.0,0.0,0.0,/home/sun/dev/emergence_lab/experiments/results/ablation_c0r_100x1000/seed_85/random_r_seed85_20260815T190036Z,/home/sun/dev/emergence_lab/experiments/results/ablation_c0r_100x1000/seed_85/metrics.csv
85,reactive_r,1000.0,8.0,28.0,30.0,480.0,609.0,8.154,70.15163442945943,2.3171048803627396,,1000.0,3.0,5.0,2.0,1.0,1.0,0.0,/home/sun/dev/emergence_lab/experiments/results/ablation_c0r_100x1000/seed_85/reactive_r_seed85_20260815T190036Z,/home/sun/dev/emergence_lab/experiments/results/ablation_c0r_100x1000/seed_85/metrics.csv
86,random,1000.0,0.0,0.0,10.0,11.0,0.0,0.741,53.36501587301587,2.3194307544652966,176.0,176.0,,0.0,0.0,0.0,0.0,0.0,/home/sun/dev/emergence_lab/experiments/results/ablation_c0r_100x1000/seed_86/random_seed86_20260815T190036Z,/home/sun/dev/emergence_lab/experiments/results/ablation_c0r_100x1000/seed_86/metrics.csv
86,random_r,1000.0,0.0,1.0,11.0,17.0,0.0,0.848,48.59084002041319,2.320168987932771,165.0,165.0,17.0,1.0,1.0,0.0,1.0,0.0,/home/sun/dev/emergence_lab/experiments/results/ablation_c0r_100x1000/seed_86/random_r_seed86_20260815T190036Z,/home/sun/dev/emergence_lab/experiments/results/ablation_c0r_100x1000/seed_86/metrics.csv
86,reactive_r,1000.0,13.0,53.0,50.0,662.0,946.0,11.057,71.91824047064048,2.3185760869348453,,1000.0,3.0,7.0,5.0,1.0,1.0,0.0,/home/sun/dev/emergence_lab/experiments/results/ablation_c0r_100x1000/seed_86/reactive_r_seed86_20260815T190036Z,/home/sun/dev/emergence_lab/experiments/results/ablation_c0r_100x1000/seed_86/metrics.csv
87,random,1000.0,0.0,0.0,10.0,8.0,0.0,0.687,42.43876039304611,2.3200840421150852,106.0,106.0,,0.0,0.0,0.0,0.0,0.0,/home/sun/dev/emergence_lab/experiments/results/ablation_c0r_100x1000/seed_87/random_seed87_20260815T190037Z,/home/sun/dev/emergence_lab/experiments/results/ablation_c0r_100x1000/seed_87/metrics.csv
87,random_r,1000.0,0.0,0.0,10.0,8.0,0.0,0.687,42.43876039304611,2.3200840421150852,106.0,106.0,,0.0,0.0,0.0,0.0,0.0,/home/sun/dev/emergence_lab/experiments/results/ablation_c0r_100x1000/seed_87/random_r_seed87_20260815T190037Z,/home/sun/dev/emergence_lab/experiments/results/ablation_c0r_100x1000/seed_87/metrics.csv
87,reactive_r,1000.0,13.0,60.0,57.0,641.0,928.0,10.643,72.17530648240648,2.3133673573084854,,1000.0,3.0,10.0,5.0,1.0,1.0,0.0,/home/sun/dev/emergence_lab/experiments/results/ablation_c0r_100x1000/seed_87/reactive_r_seed87_20260815T190037Z,/home/sun/dev/emergence_lab/experiments/results/ablation_c0r_100x1000/seed_87/metrics.csv
88,random,1000.0,0.0,0.0,10.0,7.0,0.0,0.666,46.81164021164022,2.3164710074855153,88.0,88.0,,0.0,0.0,0.0,0.0,0.0,/home/sun/dev/emergence_lab/experiments/results/ablation_c0r_100x1000/seed_88/random_seed88_20260815T190038Z,/home/sun/dev/emergence_lab/experiments/results/ablation_c0r_100x1000/seed_88/metrics.csv
88,random_r,1000.0,0.0,0.0,10.0,7.0,0.0,0.666,46.81164021164022,2.3164710074855153,88.0,88.0,,0.0,0.0,0.0,0.0,0.0,/home/sun/dev/emergence_lab/experiments/results/ablation_c0r_100x1000/seed_88/random_r_seed88_20260815T190038Z,/home/sun/dev/emergence_lab/experiments/results/ablation_c0r_100x1000/seed_88/metrics.csv
88,reactive_r,1000.0,10.0,30.0,30.0,563.0,579.0,9.547,78.00290357420357,2.3174012410613356,,1000.0,3.0,4.0,7.0,1.0,1.0,0.0,/home/sun/dev/emergence_lab/experiments/results/ablation_c0r_100x1000/seed_88/reactive_r_seed88_20260815T190038Z,/home/sun/dev/emergence_lab/experiments/results/ablation_c0r_100x1000/seed_88/metrics.csv
89,random,1000.0,0.0,0.0,10.0,6.0,0.0,0.647,45.07579365079365,2.3195069084986297,106.0,106.0,,0.0,0.0,0.0,0.0,0.0,/home/sun/dev/emergence_lab/experiments/results/ablation_c0r_100x1000/seed_89/random_seed89_20260815T190039Z,/home/sun/dev/emergence_lab/experiments/results/ablation_c0r_100x1000/seed_89/metrics.csv
89,random_r,1000.0,0.0,0.0,10.0,6.0,0.0,0.647,45.07579365079365,2.3195069084986297,106.0,106.0,,0.0,0.0,0.0,0.0,0.0,/home/sun/dev/emergence_lab/experiments/results/ablation_c0r_100x1000/seed_89/random_r_seed89_20260815T190039Z,/home/sun/dev/emergence_lab/experiments/results/ablation_c0r_100x1000/seed_89/metrics.csv
89,reactive_r,1000.0,9.0,28.0,29.0,443.0,726.0,7.456,74.96605061327561,2.3142724627404685,,1000.0,2.0,5.0,4.0,1.0,1.0,0.0,/home/sun/dev/emergence_lab/experiments/results/ablation_c0r_100x1000/seed_89/reactive_r_seed89_20260815T190039Z,/home/sun/dev/emergence_lab/experiments/results/ablation_c0r_100x1000/seed_89/metrics.csv
90,random,1000.0,0.0,0.0,10.0,4.0,0.0,0.613,46.07453703703704,2.3211750493940277,73.0,73.0,,0.0,0.0,0.0,0.0,0.0,/home/sun/dev/emergence_lab/experiments/results/ablation_c0r_100x1000/seed_90/random_seed90_20260815T190039Z,/home/sun/dev/emergence_lab/experiments/results/ablation_c0r_100x1000/seed_90/metrics.csv
90,random_r,1000.0,0.0,0.0,10.0,4.0,0.0,0.613,46.07453703703704,2.3211750493940277,73.0,73.0,,0.0,0.0,0.0,0.0,0.0,/home/sun/dev/emergence_lab/experiments/results/ablation_c0r_100x1000/seed_90/random_r_seed90_20260815T190039Z,/home/sun/dev/emergence_lab/experiments/results/ablation_c0r_100x1000/seed_90/metrics.csv
90,reactive_r,1000.0,3.0,17.0,24.0,364.0,165.0,6.485,75.2357815101565,2.317192556125202,,1000.0,4.0,5.0,4.0,1.0,1.0,0.0,/home/sun/dev/emergence_lab/experiments/results/ablation_c0r_100x1000/seed_90/reactive_r_seed90_20260815T190039Z,/home/sun/dev/emergence_lab/experiments/results/ablation_c0r_100x1000/seed_90/metrics.csv
91,random,1000.0,0.0,0.0,10.0,1.0,0.0,0.559,41.403131115459885,2.3182269774738553,74.0,74.0,,0.0,0.0,0.0,0.0,0.0,/home/sun/dev/emergence_lab/experiments/results/ablation_c0r_100x1000/seed_91/random_seed91_20260815T190040Z,/home/sun/dev/emergence_lab/experiments/results/ablation_c0r_100x1000/seed_91/metrics.csv
91,random_r,1000.0,0.0,0.0,10.0,1.0,0.0,0.559,41.403131115459885,2.3182269774738553,74.0,74.0,,0.0,0.0,0.0,0.0,0.0,/home/sun/dev/emergence_lab/experiments/results/ablation_c0r_100x1000/seed_91/random_r_seed91_20260815T190040Z,/home/sun/dev/emergence_lab/experiments/results/ablation_c0r_100x1000/seed_91/metrics.csv
91,reactive_r,1000.0,8.0,33.0,35.0,495.0,438.0,8.513,68.75835111000112,2.3169167023550195,,1000.0,3.0,7.0,6.0,1.0,1.0,0.0,/home/sun/dev/emergence_lab/experiments/results/ablation_c0r_100x1000/seed_91/reactive_r_seed91_20260815T190040Z,/home/sun/dev/emergence_lab/experiments/results/ablation_c0r_100x1000/seed_91/metrics.csv
92,random,1000.0,0.0,0.0,10.0,8.0,0.0,0.684,46.326719576719576,2.3177549176641414,103.0,103.0,,0.0,0.0,0.0,0.0,0.0,/home/sun/dev/emergence_lab/experiments/results/ablation_c0r_100x1000/seed_92/random_seed92_20260815T190040Z,/home/sun/dev/emergence_lab/experiments/results/ablation_c0r_100x1000/seed_92/metrics.csv
92,random_r,1000.0,0.0,0.0,10.0,8.0,0.0,0.684,46.326719576719576,2.3177549176641414,103.0,103.0,,0.0,0.0,0.0,0.0,0.0,/home/sun/dev/emergence_lab/experiments/results/ablation_c0r_100x1000/seed_92/random_r_seed92_20260815T190040Z,/home/sun/dev/emergence_lab/experiments/results/ablation_c0r_100x1000/seed_92/metrics.csv
92,reactive_r,1000.0,7.0,41.0,44.0,670.0,618.0,11.257,72.30582047952048,2.3137259748124483,,1000.0,4.0,7.0,4.0,1.0,1.0,0.0,/home/sun/dev/emergence_lab/experiments/results/ablation_c0r_100x1000/seed_92/reactive_r_seed92_20260815T190041Z,/home/sun/dev/emergence_lab/experiments/results/ablation_c0r_100x1000/seed_92/metrics.csv
93,random,1000.0,0.0,0.0,10.0,4.0,0.0,0.616,44.47660984848485,2.3203587233977236,89.0,89.0,,0.0,0.0,0.0,0.0,0.0,/home/sun/dev/emergence_lab/experiments/results/ablation_c0r_100x1000/seed_93/random_seed93_20260815T190041Z,/home/sun/dev/emergence_lab/experiments/results/ablation_c0r_100x1000/seed_93/metrics.csv
93,random_r,1000.0,0.0,0.0,10.0,4.0,0.0,0.616,44.47660984848485,2.3203587233977236,89.0,89.0,,0.0,0.0,0.0,0.0,0.0,/home/sun/dev/emergence_lab/experiments/results/ablation_c0r_100x1000/seed_93/random_r_seed93_20260815T190041Z,/home/sun/dev/emergence_lab/experiments/results/ablation_c0r_100x1000/seed_93/metrics.csv
93,reactive_r,1000.0,4.0,22.0,28.0,404.0,345.0,7.031,70.94886944444444,2.316170289673422,,1000.0,70.0,3.0,3.0,1.0,1.0,0.0,/home/sun/dev/emergence_lab/experiments/results/ablation_c0r_100x1000/seed_93/reactive_r_seed93_20260815T190041Z,/home/sun/dev/emergence_lab/experiments/results/ablation_c0r_100x1000/seed_93/metrics.csv
94,random,1000.0,0.0,0.0,10.0,11.0,0.0,0.732,80.08835697399527,2.3164367007103746,189.0,189.0,,0.0,0.0,0.0,0.0,0.0,/home/sun/dev/emergence_lab/experiments/results/ablation_c0r_100x1000/seed_94/random_seed94_20260815T190042Z,/home/sun/dev/emergence_lab/experiments/results/ablation_c0r_100x1000/seed_94/metrics.csv
94,random_r,1000.0,0.0,1.0,11.0,9.0,0.0,0.701,42.89979998396665,2.316055517397957,91.0,91.0,17.0,1.0,1.0,0.0,1.0,0.0,/home/sun/dev/emergence_lab/experiments/results/ablation_c0r_100x1000/seed_94/random_r_seed94_20260815T190042Z,/home/sun/dev/emergence_lab/experiments/results/ablation_c0r_100x1000/seed_94/metrics.csv
94,reactive_r,1000.0,9.0,37.0,38.0,494.0,473.0,8.456,72.34083719336219,2.3171298508818183,,1000.0,4.0,11.0,3.0,1.0,1.0,0.0,/home/sun/dev/emergence_lab/experiments/results/ablation_c0r_100x1000/seed_94/reactive_r_seed94_20260815T190042Z,/home/sun/dev/emergence_lab/experiments/results/ablation_c0r_100x1000/seed_94/metrics.csv
95,random,1000.0,0.0,0.0,10.0,6.0,0.0,0.654,43.17630385487528,2.3193830508052704,106.0,106.0,,0.0,0.0,0.0,0.0,0.0,/home/sun/dev/emergence_lab/experiments/results/ablation_c0r_100x1000/seed_95/random_seed95_20260815T190042Z,/home/sun/dev/emergence_lab/experiments/results/ablation_c0r_100x1000/seed_95/metrics.csv
95,random_r,1000.0,0.0,0.0,10.0,6.0,0.0,0.654,43.17630385487528,2.3193830508052704,106.0,106.0,,0.0,0.0,0.0,0.0,0.0,/home/sun/dev/emergence_lab/experiments/results/ablation_c0r_100x1000/seed_95/random_r_seed95_20260815T190042Z,/home/sun/dev/emergence_lab/experiments/results/ablation_c0r_100x1000/seed_95/metrics.csv
95,reactive_r,1000.0,6.0,26.0,30.0,375.0,392.0,6.522,75.9830466061716,2.3159594176082203,,1000.0,4.0,7.0,4.0,1.0,1.0,0.0,/home/sun/dev/emergence_lab/experiments/results/ablation_c0r_100x1000/seed_95/reactive_r_seed95_20260815T190043Z,/home/sun/dev/emergence_lab/experiments/results/ablation_c0r_100x1000/seed_95/metrics.csv
96,random,1000.0,0.0,0.0,10.0,11.0,0.0,0.743,43.4538387345679,2.320730134404572,145.0,145.0,,0.0,0.0,0.0,0.0,0.0,/home/sun/dev/emergence_lab/experiments/results/ablation_c0r_100x1000/seed_96/random_seed96_20260815T190043Z,/home/sun/dev/emergence_lab/experiments/results/ablation_c0r_100x1000/seed_96/metrics.csv
96,random_r,1000.0,0.0,0.0,10.0,11.0,0.0,0.743,43.4538387345679,2.320730134404572,145.0,145.0,,0.0,0.0,0.0,0.0,0.0,/home/sun/dev/emergence_lab/experiments/results/ablation_c0r_100x1000/seed_96/random_r_seed96_20260815T190043Z,/home/sun/dev/emergence_lab/experiments/results/ablation_c0r_100x1000/seed_96/metrics.csv
96,reactive_r,1000.0,13.0,53.0,50.0,667.0,675.0,11.22,69.74543942168943,2.3151636767908026,,1000.0,10.0,7.0,3.0,1.0,1.0,0.0,/home/sun/dev/emergence_lab/experiments/results/ablation_c0r_100x1000/seed_96/reactive_r_seed96_20260815T190043Z,/home/sun/dev/emergence_lab/experiments/results/ablation_c0r_100x1000/seed_96/metrics.csv
97,random,1000.0,0.0,0.0,10.0,9.0,0.0,0.701,47.040277777777774,2.3199650366863613,91.0,91.0,,0.0,0.0,0.0,0.0,0.0,/home/sun/dev/emergence_lab/experiments/results/ablation_c0r_100x1000/seed_97/random_seed97_20260815T190044Z,/home/sun/dev/emergence_lab/experiments/results/ablation_c0r_100x1000/seed_97/metrics.csv
97,random_r,1000.0,0.0,0.0,10.0,9.0,0.0,0.701,47.040277777777774,2.3199650366863613,91.0,91.0,,0.0,0.0,0.0,0.0,0.0,/home/sun/dev/emergence_lab/experiments/results/ablation_c0r_100x1000/seed_97/random_r_seed97_20260815T190044Z,/home/sun/dev/emergence_lab/experiments/results/ablation_c0r_100x1000/seed_97/metrics.csv
97,reactive_r,1000.0,10.0,45.0,45.0,659.0,837.0,10.97,74.18040450382951,2.315188229754478,,1000.0,1.0,5.0,6.0,1.0,1.0,0.0,/home/sun/dev/emergence_lab/experiments/results/ablation_c0r_100x1000/seed_97/reactive_r_seed97_20260815T190044Z,/home/sun/dev/emergence_lab/experiments/results/ablation_c0r_100x1000/seed_97/metrics.csv
98,random,1000.0,0.0,0.0,10.0,13.0,0.0,0.767,76.20335648148148,2.3208654940897233,217.0,217.0,,0.0,0.0,0.0,0.0,0.0,/home/sun/dev/emergence_lab/experiments/results/ablation_c0r_100x1000/seed_98/random_seed98_20260815T190045Z,/home/sun/dev/emergence_lab/experiments/results/ablation_c0r_100x1000/seed_98/metrics.csv
98,random_r,1000.0,0.0,0.0,10.0,13.0,0.0,0.767,76.20335648148148,2.3208654940897233,217.0,217.0,,0.0,0.0,0.0,0.0,0.0,/home/sun/dev/emergence_lab/experiments/results/ablation_c0r_100x1000/seed_98/random_r_seed98_20260815T190045Z,/home/sun/dev/emergence_lab/experiments/results/ablation_c0r_100x1000/seed_98/metrics.csv
98,reactive_r,1000.0,11.0,60.0,59.0,692.0,828.0,11.617,69.96060149988901,2.314275544571235,,1000.0,2.0,11.0,6.0,1.0,1.0,0.0,/home/sun/dev/emergence_lab/experiments/results/ablation_c0r_100x1000/seed_98/reactive_r_seed98_20260815T190045Z,/home/sun/dev/emergence_lab/experiments/results/ablation_c0r_100x1000/seed_98/metrics.csv
99,random,1000.0,0.0,0.0,10.0,2.0,0.0,0.578,43.61948356807511,2.3114634403748475,72.0,72.0,,0.0,0.0,0.0,0.0,0.0,/home/sun/dev/emergence_lab/experiments/results/ablation_c0r_100x1000/seed_99/random_seed99_20260815T190045Z,/home/sun/dev/emergence_lab/experiments/results/ablation_c0r_100x1000/seed_99/metrics.csv
99,random_r,1000.0,0.0,0.0,10.0,2.0,0.0,0.578,43.61948356807511,2.3114634403748475,72.0,72.0,,0.0,0.0,0.0,0.0,0.0,/home/sun/dev/emergence_lab/experiments/results/ablation_c0r_100x1000/seed_99/random_r_seed99_20260815T190045Z,/home/sun/dev/emergence_lab/experiments/results/ablation_c0r_100x1000/seed_99/metrics.csv
99,reactive_r,1000.0,11.0,41.0,40.0,531.0,778.0,8.929,73.31021475468977,2.3153082098191886,,1000.0,9.0,13.0,3.0,1.0,1.0,0.0,/home/sun/dev/emergence_lab/experiments/results/ablation_c0r_100x1000/seed_99/reactive_r_seed99_20260815T190045Z,/home/sun/dev/emergence_lab/experiments/results/ablation_c0r_100x1000/seed_99/metrics.csv
100,random,1000.0,0.0,0.0,10.0,8.0,0.0,0.693,44.48279914529914,2.3168671476612492,105.0,105.0,,0.0,0.0,0.0,0.0,0.0,/home/sun/dev/emergence_lab/experiments/results/ablation_c0r_100x1000/seed_100/random_seed100_20260815T190046Z,/home/sun/dev/emergence_lab/experiments/results/ablation_c0r_100x1000/seed_100/metrics.csv
100,random_r,1000.0,0.0,0.0,10.0,8.0,0.0,0.693,44.48279914529914,2.3168671476612492,105.0,105.0,,0.0,0.0,0.0,0.0,0.0,/home/sun/dev/emergence_lab/experiments/results/ablation_c0r_100x1000/seed_100/random_r_seed100_20260815T190046Z,/home/sun/dev/emergence_lab/experiments/results/ablation_c0r_100x1000/seed_100/metrics.csv
100,reactive_r,1000.0,15.0,59.0,54.0,638.0,1003.0,10.635,75.00661453130202,2.31753569942338,,1000.0,2.0,10.0,4.0,1.0,1.0,0.0,/home/sun/dev/emergence_lab/experiments/results/ablation_c0r_100x1000/seed_100/reactive_r_seed100_20260815T190046Z,/home/sun/dev/emergence_lab/experiments/results/ablation_c0r_100x1000/seed_100/metrics.csv
